INSERT INTO users (id, name, email, phone, dob, gender, address) VALUES (1, 'Michael Choi', 'david60@example.com', '1367205031', '1988-05-26', 'non-binary', '44220 Boyd Walk Apt. 980, New Patrickhaven, WV 88084');
INSERT INTO users (id, name, email, phone, dob, gender, address) VALUES (2, 'Steven Morgan', 'kellymcdonald@example.org', '9558775494', '1995-06-13', 'male', '385 Nathan Knolls Suite 519, Jackview, ID 31436');
INSERT INTO users (id, name, email, phone, dob, gender, address) VALUES (3, 'Teresa Davis', 'heather59@example.net', '2383237421', '1996-02-20', 'male', '4902 Tammy Spur Suite 746, Port Melissa, OK 87650');
INSERT INTO users (id, name, email, phone, dob, gender, address) VALUES (4, 'Douglas Cruz', 'bjackson@example.com', '9891051908', '1986-01-07', 'non-binary', 'Unit 0782 Box 9338, DPO AA 62661');
INSERT INTO users (id, name, email, phone, dob, gender, address) VALUES (5, 'Kelsey Allen', 'alicia15@example.com', '5965365789', '1999-05-16', 'female', '1326 Holmes Club Apt. 422, Lake Julie, AK 17660');
INSERT INTO users (id, name, email, phone, dob, gender, address) VALUES (6, 'Samantha Rhodes', 'isabellakelley@example.org', '8932773235', '1977-10-21', 'female', '629 Peterson Pines Suite 921, West David, OH 85070');
INSERT INTO users (id, name, email, phone, dob, gender, address) VALUES (7, 'Nathan Reed', 'wardashley@example.org', '6430647397', '1999-08-09', 'female', '28935 Nielsen Station, South Eric, PA 02262');
INSERT INTO users (id, name, email, phone, dob, gender, address) VALUES (8, 'Alexander Moon', 'hward@example.com', '3672672293', '1949-04-10', 'male', '1650 Becky Inlet Apt. 110, Robinberg, NC 24393');
INSERT INTO users (id, name, email, phone, dob, gender, address) VALUES (9, 'Kelly Hubbard', 'kjenkins@example.net', '1170305558', '1993-09-05', 'non-binary', '5706 Raymond Burg Suite 413, West Jeremiahburgh, MO 43138');
INSERT INTO users (id, name, email, phone, dob, gender, address) VALUES (10, 'Alicia Sandoval', 'laurenjordan@example.org', '4116372174', '1954-05-09', 'male', '6413 Ellison Extensions, Robertstad, MH 32388');
INSERT INTO users (id, name, email, phone, dob, gender, address) VALUES (11, 'Rebecca White', 'fthompson@example.net', '3474922377', '1980-04-28', 'non-binary', '17230 Jermaine Views, New Toddview, DC 67265');
INSERT INTO users (id, name, email, phone, dob, gender, address) VALUES (12, 'Molly Park', 'brittanyedwards@example.com', '2067344677', '1949-08-04', 'female', '66788 Mike Estates, Lake Bonnieview, AZ 41745');
INSERT INTO users (id, name, email, phone, dob, gender, address) VALUES (13, 'Jeffrey Williams', 'brittanyyork@example.net', '0838299309', '1990-08-03', 'non-binary', '5263 Kyle Freeway Apt. 682, West Jennaville, MN 42236');
INSERT INTO users (id, name, email, phone, dob, gender, address) VALUES (14, 'Aaron Cuevas', 'rmarshall@example.net', '3749640034', '1946-07-05', 'male', '17398 Carrillo Spring, West Rachelmouth, IL 89480');
INSERT INTO users (id, name, email, phone, dob, gender, address) VALUES (15, 'David Mcbride', 'adrian52@example.org', '2056529230', '1953-03-16', 'male', '89910 Marcus Plain, Claytonfort, MP 24906');
INSERT INTO users (id, name, email, phone, dob, gender, address) VALUES (16, 'Derek Scott', 'ramirezamanda@example.com', '6309143094', '1986-12-20', 'non-binary', '324 Knight Drive Suite 863, Josephchester, AZ 01347');
INSERT INTO users (id, name, email, phone, dob, gender, address) VALUES (17, 'Kristina Ballard', 'andrewwatkins@example.org', '4617635976', '1990-06-28', 'non-binary', '78280 Thomas Shoals, Joseland, AZ 00541');
INSERT INTO users (id, name, email, phone, dob, gender, address) VALUES (18, 'Christine Hill', 'jmiller@example.org', '5184792485', '1999-02-06', 'non-binary', '6052 Bell Rest Suite 384, East Paula, MI 63999');
INSERT INTO users (id, name, email, phone, dob, gender, address) VALUES (19, 'David Gonzales', 'abbottjacob@example.com', '0682506557', '1987-04-22', 'male', '7153 Reyes Club Apt. 453, Turnertown, NH 61325');
INSERT INTO users (id, name, email, phone, dob, gender, address) VALUES (20, 'Matthew Jensen', 'laurabaker@example.com', '8492904697', '1988-09-18', 'male', '387 Martinez Circle Suite 821, Smithfurt, OK 55134');
INSERT INTO users (id, name, email, phone, dob, gender, address) VALUES (21, 'Alexander Berg', 'victor47@example.net', '4588554309', '1983-08-03', 'non-binary', '34416 Gray Freeway Suite 576, North William, AR 23629');
INSERT INTO users (id, name, email, phone, dob, gender, address) VALUES (22, 'Nathan Baxter', 'michaelbradley@example.org', '5806552188', '1965-04-27', 'non-binary', '8393 Griffin Cliff, Charleschester, MH 20678');
INSERT INTO users (id, name, email, phone, dob, gender, address) VALUES (23, 'Benjamin Mckinney', 'heidi19@example.net', '3301763743', '1966-05-08', 'male', '12419 Fuller Hollow Suite 202, New Garrett, ME 82576');
INSERT INTO users (id, name, email, phone, dob, gender, address) VALUES (24, 'Kathy Harrison', 'kprice@example.com', '7049242842', '1972-06-17', 'non-binary', '74721 Jenkins Street Apt. 539, Fritzland, ID 94077');
INSERT INTO users (id, name, email, phone, dob, gender, address) VALUES (25, 'Amy Fields', 'powersmonica@example.org', '3107630606', '1949-07-28', 'female', '8518 Padilla Ramp Suite 049, Mooreville, VA 84663');
INSERT INTO users (id, name, email, phone, dob, gender, address) VALUES (26, 'Thomas Russo', 'david19@example.net', '0147070366', '1989-01-30', 'non-binary', '2227 James Forges, South Jefferychester, AS 64042');
INSERT INTO users (id, name, email, phone, dob, gender, address) VALUES (27, 'Jamie Shelton', 'turnerbrett@example.com', '4913170678', '1961-08-26', 'male', '048 Lopez Trail, Krystalton, IN 88164');
INSERT INTO users (id, name, email, phone, dob, gender, address) VALUES (28, 'Bryan Casey', 'ncantu@example.net', '4597575462', '1964-08-29', 'male', '740 Kristen Summit, South Johnchester, AK 55770');
INSERT INTO users (id, name, email, phone, dob, gender, address) VALUES (29, 'Mary Jefferson', 'vbailey@example.org', '0782480968', '1952-04-02', 'non-binary', '070 Hicks Brook Suite 544, Port Eric, NC 86321');
INSERT INTO users (id, name, email, phone, dob, gender, address) VALUES (30, 'Miguel Barnes', 'denisejackson@example.org', '0142967899', '1982-11-16', 'female', '2426 Chandler Causeway Suite 353, South Oliviaton, MI 48608');
INSERT INTO users (id, name, email, phone, dob, gender, address) VALUES (31, 'Linda Mays', 'rmerritt@example.org', '7982151403', '2004-10-14', 'non-binary', '921 Cook Mountains Apt. 736, South Nicole, KS 64008');
INSERT INTO users (id, name, email, phone, dob, gender, address) VALUES (32, 'Angel Reyes', 'chansen@example.org', '9422601328', '1963-05-22', 'male', '895 Diana Mills, Williamfurt, MO 04488');
INSERT INTO users (id, name, email, phone, dob, gender, address) VALUES (33, 'Thomas Barnett', 'scott16@example.org', '4229058405', '1948-08-18', 'female', '55046 Larson Street Suite 462, West Keith, KS 36871');
INSERT INTO users (id, name, email, phone, dob, gender, address) VALUES (34, 'Mark Harris', 'christina17@example.com', '3450998724', '1972-01-24', 'non-binary', 'PSC 8884, Box 2784, APO AA 63654');
INSERT INTO users (id, name, email, phone, dob, gender, address) VALUES (35, 'Michael King', 'obradley@example.com', '6627655593', '2003-07-23', 'female', 'PSC 8607, Box 5103, APO AP 35105');
INSERT INTO users (id, name, email, phone, dob, gender, address) VALUES (36, 'Michelle Russell', 'brandy49@example.org', '6970716643', '1974-12-28', 'non-binary', '12383 Smith Square Suite 110, Lake Rodneymouth, NY 15976');
INSERT INTO users (id, name, email, phone, dob, gender, address) VALUES (37, 'Dominic Shaffer', 'tina80@example.com', '9882614877', '1948-10-10', 'female', '3641 John Coves Suite 683, West Felicia, NE 62329');
INSERT INTO users (id, name, email, phone, dob, gender, address) VALUES (38, 'Christopher Clayton', 'kevinsanchez@example.org', '6933133555', '1951-05-09', 'non-binary', '63303 Stacey Common Apt. 082, Bentonhaven, PW 51160');
INSERT INTO users (id, name, email, phone, dob, gender, address) VALUES (39, 'Elizabeth Carlson', 'daviddavis@example.net', '1875570143', '1945-09-07', 'non-binary', '897 Shelby Ferry Suite 478, Normanland, WA 88237');
INSERT INTO users (id, name, email, phone, dob, gender, address) VALUES (40, 'John Garner', 'owatson@example.net', '8456511567', '1958-11-19', 'male', '42939 Alexandria Pine Apt. 989, West Jonathan, CO 25123');
INSERT INTO users (id, name, email, phone, dob, gender, address) VALUES (41, 'Aaron Haley', 'ibarraedward@example.com', '5130372620', '1989-07-31', 'female', '3263 Brittany Wall, Aliciaport, PR 13615');
INSERT INTO users (id, name, email, phone, dob, gender, address) VALUES (42, 'Brian Howard', 'bcook@example.org', '0752699110', '1955-11-25', 'female', '872 Campbell Branch, Port Pamelaville, FL 72302');
INSERT INTO users (id, name, email, phone, dob, gender, address) VALUES (43, 'Robert Daniels', 'powellronald@example.com', '8391751856', '1948-12-17', 'male', '19243 Miller Spurs, North Aliciashire, MA 16750');
INSERT INTO users (id, name, email, phone, dob, gender, address) VALUES (44, 'Todd Smith', 'fosterstacy@example.net', '2534389705', '1956-06-26', 'male', '88239 Deborah Cliffs, North Richard, WY 91390');
INSERT INTO users (id, name, email, phone, dob, gender, address) VALUES (45, 'Linda Hammond', 'dbrown@example.com', '9829958760', '1972-06-12', 'female', '19268 Roberts Causeway, Lake Matthewmouth, NM 92973');
INSERT INTO users (id, name, email, phone, dob, gender, address) VALUES (46, 'Kevin Howell', 'davidharris@example.net', '3082050829', '1990-01-10', 'male', '135 Melissa Cliffs Suite 199, Brianborough, FL 47845');
INSERT INTO users (id, name, email, phone, dob, gender, address) VALUES (47, 'Dr. Thomas Hanna', 'barkershaun@example.org', '9303687928', '1983-08-13', 'non-binary', '31732 Rodriguez Islands Suite 186, Hortonfort, AL 69894');
INSERT INTO users (id, name, email, phone, dob, gender, address) VALUES (48, 'Kari Garcia', 'lcarter@example.net', '8979456890', '1987-02-21', 'non-binary', '75252 Anderson Isle, Lake Ericfurt, GU 43884');
INSERT INTO users (id, name, email, phone, dob, gender, address) VALUES (49, 'Jessica Ellis', 'wstevens@example.org', '4882980858', '1977-02-19', 'male', '82627 Smith Extension, East Julie, KY 06447');
INSERT INTO users (id, name, email, phone, dob, gender, address) VALUES (50, 'Cameron Chen', 'kblackburn@example.com', '5341296162', '1970-04-24', 'male', '2567 Campbell Mill Apt. 244, West Gavin, IN 81972');
INSERT INTO users (id, name, email, phone, dob, gender, address) VALUES (51, 'Ryan Perez', 'william52@example.org', '0671321641', '1992-02-06', 'female', '8982 Sarah Camp Suite 880, South Melissaland, SD 68559');
INSERT INTO users (id, name, email, phone, dob, gender, address) VALUES (52, 'Tracy Sullivan', 'andersonseth@example.net', '8917205873', '1993-01-05', 'female', '088 Allen Ford, South Brandon, KY 10751');
INSERT INTO users (id, name, email, phone, dob, gender, address) VALUES (53, 'Mrs. Lauren Avery DVM', 'dennis96@example.org', '6522454943', '1995-03-21', 'non-binary', '65917 Martha Ways, Hannahfurt, FM 00816');
INSERT INTO users (id, name, email, phone, dob, gender, address) VALUES (54, 'Sandra Perry', 'kelsey06@example.org', '8516958841', '1957-11-11', 'male', '1488 Smith Villages Suite 677, Cassandrahaven, AZ 49868');
INSERT INTO users (id, name, email, phone, dob, gender, address) VALUES (55, 'John Lang', 'gavila@example.org', '2270428327', '1974-03-23', 'male', '04484 Gregory Creek, Marychester, MT 20059');
INSERT INTO users (id, name, email, phone, dob, gender, address) VALUES (56, 'Michael Wyatt', 'brenthowe@example.com', '8383125831', '2003-06-03', 'female', '71379 Thomas Center Apt. 861, Lake Alicia, TN 79898');
INSERT INTO users (id, name, email, phone, dob, gender, address) VALUES (57, 'Jordan Franco', 'davidrodriguez@example.org', '2984400054', '1975-09-03', 'male', '564 Smith Plains, West Deborah, MI 50389');
INSERT INTO users (id, name, email, phone, dob, gender, address) VALUES (58, 'Rhonda Franco', 'jessica59@example.org', '5426673313', '2006-05-12', 'female', '87293 Byrd Court, Ramirezview, MH 24117');
INSERT INTO users (id, name, email, phone, dob, gender, address) VALUES (59, 'Traci Khan MD', 'simsdenise@example.com', '7618387474', '1965-10-13', 'non-binary', '5767 Johnson Points, North John, PA 14212');
INSERT INTO users (id, name, email, phone, dob, gender, address) VALUES (60, 'Rhonda Arnold', 'williamroberts@example.org', '3413137999', '2002-01-27', 'non-binary', '1625 Laurie Islands, Kristinefort, MS 57719');
INSERT INTO users (id, name, email, phone, dob, gender, address) VALUES (61, 'Jason Martin', 'justin48@example.com', '8975033220', '1960-02-02', 'male', '230 Dennis Landing Apt. 336, Lake Jonathanburgh, AK 87117');
INSERT INTO users (id, name, email, phone, dob, gender, address) VALUES (62, 'Todd Sherman', 'ryan52@example.net', '5495483119', '1955-11-20', 'male', '97948 David Mount, New Carriefurt, TN 53340');
INSERT INTO users (id, name, email, phone, dob, gender, address) VALUES (63, 'Garrett Rodriguez', 'catherine64@example.org', '2883438711', '1964-01-29', 'non-binary', '71529 Audrey Drives Apt. 627, Martinstad, MH 65974');
INSERT INTO users (id, name, email, phone, dob, gender, address) VALUES (64, 'Amber Marshall', 'plee@example.org', '8185328845', '1957-03-08', 'female', '33801 Dixon Square, Sanchezville, DC 85196');
INSERT INTO users (id, name, email, phone, dob, gender, address) VALUES (65, 'Charles Archer', 'ashleydaugherty@example.org', '4845818301', '1975-11-19', 'male', '6277 Kimberly Keys, South Frank, PR 72086');
INSERT INTO users (id, name, email, phone, dob, gender, address) VALUES (66, 'Rachel Benson', 'grantdaugherty@example.net', '7602139480', '1980-12-08', 'female', '448 Anthony Mills, Lake Alexandria, AZ 28320');
INSERT INTO users (id, name, email, phone, dob, gender, address) VALUES (67, 'Tammy Campbell', 'rasmussenelizabeth@example.org', '4506559409', '1963-07-09', 'male', '1339 Gary Lock Apt. 713, New Yolanda, WA 83697');
INSERT INTO users (id, name, email, phone, dob, gender, address) VALUES (68, 'Craig Davis', 'mwilson@example.org', '5617743112', '1949-04-30', 'female', '057 Moore Summit, Port Hannah, NM 59401');
INSERT INTO users (id, name, email, phone, dob, gender, address) VALUES (69, 'Ian Grimes', 'ecraig@example.org', '2082451854', '1985-03-13', 'male', '62737 Kevin Manor, North Cassidyhaven, MD 77456');
INSERT INTO users (id, name, email, phone, dob, gender, address) VALUES (70, 'Michelle Martin', 'nicholascarpenter@example.net', '6873099358', '1983-10-06', 'female', '006 William Ranch, Sonyaville, MT 32375');
INSERT INTO users (id, name, email, phone, dob, gender, address) VALUES (71, 'Brandon Willis', 'thill@example.net', '1046973561', '1945-09-09', 'non-binary', '684 Jessica Alley, West Adam, MD 72858');
INSERT INTO users (id, name, email, phone, dob, gender, address) VALUES (72, 'Ashley Kelly', 'slopez@example.org', '0985736519', '2001-08-07', 'male', '2532 Jenna Manors Suite 904, South Mary, MA 84402');
INSERT INTO users (id, name, email, phone, dob, gender, address) VALUES (73, 'Andrew Forbes', 'barbarahartman@example.org', '8786454609', '1971-01-26', 'non-binary', '70991 Hayley Throughway, Baxterfurt, NE 54143');
INSERT INTO users (id, name, email, phone, dob, gender, address) VALUES (74, 'Jason Walker', 'ujacobs@example.com', '7040169377', '1954-10-28', 'male', '39361 Kevin Crescent, Jaredport, RI 83941');
INSERT INTO users (id, name, email, phone, dob, gender, address) VALUES (75, 'Adriana Cain', 'eellis@example.net', '5113593833', '1981-11-18', 'male', '6107 Lee Creek, East Anthonyton, NM 96407');
INSERT INTO users (id, name, email, phone, dob, gender, address) VALUES (76, 'Jennifer Wilson', 'ernest42@example.net', '0038361055', '1976-02-01', 'male', '11411 Barnes Trafficway, West Soniastad, VA 65942');
INSERT INTO users (id, name, email, phone, dob, gender, address) VALUES (77, 'Beth Montes', 'jason54@example.net', '2928324403', '1965-05-17', 'male', '43575 Wesley Forest Suite 073, Silvastad, PW 48915');
INSERT INTO users (id, name, email, phone, dob, gender, address) VALUES (78, 'Elizabeth White', 'ppollard@example.org', '2337017067', '1966-09-01', 'male', '798 Casey Island Suite 157, West Amandaborough, SD 91233');
INSERT INTO users (id, name, email, phone, dob, gender, address) VALUES (79, 'Amanda Williams', 'sydney15@example.com', '9036942464', '1964-05-11', 'male', '91942 Ashley Garden Suite 760, North Kelseyshire, MD 35755');
INSERT INTO users (id, name, email, phone, dob, gender, address) VALUES (80, 'John Henderson', 'michaeljackson@example.net', '7107446381', '1999-07-05', 'non-binary', '2290 Benitez Square Apt. 737, New Kyleview, IA 69337');
INSERT INTO users (id, name, email, phone, dob, gender, address) VALUES (81, 'Bradley Olson', 'sturner@example.org', '9619306888', '1994-02-06', 'non-binary', '953 Darryl Freeway Apt. 723, Matthewside, WV 23710');
INSERT INTO users (id, name, email, phone, dob, gender, address) VALUES (82, 'Donald Scott', 'xwarner@example.net', '0823979914', '1994-12-05', 'male', '9401 Hall Ports, South Dustin, SD 06064');
INSERT INTO users (id, name, email, phone, dob, gender, address) VALUES (83, 'Wesley Fischer', 'samantha32@example.org', '5750576611', '1958-09-13', 'female', '4744 Lara Trace Apt. 707, West Robertville, OK 00812');
INSERT INTO users (id, name, email, phone, dob, gender, address) VALUES (84, 'Todd Price', 'mallorysmith@example.org', '7452272433', '1988-12-11', 'female', '483 Banks Shore Suite 226, Kevinchester, AK 80219');
INSERT INTO users (id, name, email, phone, dob, gender, address) VALUES (85, 'Carla White', 'samuel71@example.org', '3859207821', '1945-09-07', 'male', '84824 Choi Prairie Suite 717, Alisonhaven, WV 89321');
INSERT INTO users (id, name, email, phone, dob, gender, address) VALUES (86, 'Kimberly Rodriguez', 'stanley99@example.com', '5491974544', '1965-03-29', 'non-binary', '84628 Teresa Fields, Brentborough, NV 19565');
INSERT INTO users (id, name, email, phone, dob, gender, address) VALUES (87, 'Katherine Fuentes', 'samueltaylor@example.com', '6394656034', '1980-08-22', 'male', '9144 Amber Crest Apt. 738, Mercerhaven, IL 29829');
INSERT INTO users (id, name, email, phone, dob, gender, address) VALUES (88, 'Darren Taylor', 'russellcynthia@example.org', '5537279131', '1984-03-31', 'male', '37904 Hancock Roads Suite 050, North Edwardtown, CA 70679');
INSERT INTO users (id, name, email, phone, dob, gender, address) VALUES (89, 'Eric Simmons', 'mitchellmonica@example.org', '6638145489', '1965-07-22', 'male', '03982 Steven Grove, East Margaretville, PW 75326');
INSERT INTO users (id, name, email, phone, dob, gender, address) VALUES (90, 'Teresa Patterson', 'andrewbyrd@example.com', '8498160599', '1958-06-26', 'non-binary', '864 Shelby Port, West Tammymouth, KY 28043');
INSERT INTO users (id, name, email, phone, dob, gender, address) VALUES (91, 'Daniel Santiago', 'nicholassuarez@example.net', '8767515632', '1954-11-28', 'female', 'USS Collier, FPO AE 79530');
INSERT INTO users (id, name, email, phone, dob, gender, address) VALUES (92, 'Steven Brown', 'greenesean@example.com', '8747774098', '1953-04-14', 'male', 'PSC 2823, Box 2541, APO AE 65540');
INSERT INTO users (id, name, email, phone, dob, gender, address) VALUES (93, 'Judith Harrell', 'rothchristopher@example.com', '1749690863', '1959-03-23', 'female', '6222 Conner Haven Suite 163, North Emily, GU 23134');
INSERT INTO users (id, name, email, phone, dob, gender, address) VALUES (94, 'Valerie Nguyen', 'princesteven@example.net', '7505586880', '1998-12-26', 'male', '428 Jessica Spurs Suite 156, Philipborough, GU 69382');
INSERT INTO users (id, name, email, phone, dob, gender, address) VALUES (95, 'Christopher Jackson', 'mhicks@example.org', '3471377490', '1996-10-10', 'female', '6840 Brittany Pine, West Jesse, MN 38650');
INSERT INTO users (id, name, email, phone, dob, gender, address) VALUES (96, 'Nicole Bentley', 'wadetony@example.net', '9115929818', '1982-03-27', 'female', '52622 Kim Oval Suite 429, South Bethanyville, FL 21604');
INSERT INTO users (id, name, email, phone, dob, gender, address) VALUES (97, 'Joseph Hickman', 'bobby24@example.org', '4019016947', '1958-08-22', 'non-binary', '21279 Brian Corner Apt. 794, East Danielletown, MS 10055');
INSERT INTO users (id, name, email, phone, dob, gender, address) VALUES (98, 'Angela Gibbs', 'craig87@example.com', '8614264379', '1950-05-23', 'male', '2122 Christopher Extension, Hineschester, AL 94580');
INSERT INTO users (id, name, email, phone, dob, gender, address) VALUES (99, 'Charles Roach', 'anna49@example.com', '7017119254', '1963-12-04', 'male', 'Unit 2920 Box 0000, DPO AA 53058');
INSERT INTO users (id, name, email, phone, dob, gender, address) VALUES (100, 'Justin Thompson', 'fishermichelle@example.net', '0366854454', '2006-02-04', 'male', '357 Norris Key, Colemanbury, VT 14104');
INSERT INTO employees (id, userId, employeeId, pan, bankAccount) VALUES (1, 1, 'EMP503909', 'WvBeo5738l', 'INVF58558198291940');
INSERT INTO employees (id, userId, employeeId, pan, bankAccount) VALUES (2, 2, 'EMP568057', 'xyydb9897X', 'OUJM67807210388044');
INSERT INTO employees (id, userId, employeeId, pan, bankAccount) VALUES (3, 3, 'EMP958614', 'GIhka2779B', 'WGYY41814472010784');
INSERT INTO employees (id, userId, employeeId, pan, bankAccount) VALUES (4, 4, 'EMP628516', 'eogpe8815a', 'ZCXP02581969695342');
INSERT INTO employees (id, userId, employeeId, pan, bankAccount) VALUES (5, 5, 'EMP47654', 'eemdp5061R', 'CKTS94783032924831');
INSERT INTO employees (id, userId, employeeId, pan, bankAccount) VALUES (6, 6, 'EMP422758', 'IfILM8926x', 'ZFFX19260273704151');
INSERT INTO employees (id, userId, employeeId, pan, bankAccount) VALUES (7, 7, 'EMP929392', 'jfcbN7058i', 'ZSTP36689069054412');
INSERT INTO employees (id, userId, employeeId, pan, bankAccount) VALUES (8, 8, 'EMP709751', 'leiYm4003K', 'NRWP52180700583102');
INSERT INTO employees (id, userId, employeeId, pan, bankAccount) VALUES (9, 9, 'EMP43306', 'ZyKaW3628O', 'WLHU66659346942724');
INSERT INTO employees (id, userId, employeeId, pan, bankAccount) VALUES (10, 10, 'EMP874684', 'LNhaP9314f', 'NKSP93936334853825');
INSERT INTO employees (id, userId, employeeId, pan, bankAccount) VALUES (11, 11, 'EMP333385', 'uodyT4074r', 'DCRG70429507844995');
INSERT INTO employees (id, userId, employeeId, pan, bankAccount) VALUES (12, 12, 'EMP341260', 'HoAmG3645X', 'IYZD48389343969079');
INSERT INTO employees (id, userId, employeeId, pan, bankAccount) VALUES (13, 13, 'EMP862089', 'SazQV5328z', 'LBPM53691187071108');
INSERT INTO employees (id, userId, employeeId, pan, bankAccount) VALUES (14, 14, 'EMP81074', 'jJZub8130S', 'SOBL96565753988757');
INSERT INTO employees (id, userId, employeeId, pan, bankAccount) VALUES (15, 15, 'EMP12430', 'DqWUS9124i', 'TJEW77767999305287');
INSERT INTO employees (id, userId, employeeId, pan, bankAccount) VALUES (16, 16, 'EMP831544', 'Kbouf1060s', 'FJKH30511866600738');
INSERT INTO employees (id, userId, employeeId, pan, bankAccount) VALUES (17, 17, 'EMP794580', 'OaCNQ9769z', 'QRWG06869267530141');
INSERT INTO employees (id, userId, employeeId, pan, bankAccount) VALUES (18, 18, 'EMP627977', 'AAESI7691c', 'ADZJ18377973574446');
INSERT INTO employees (id, userId, employeeId, pan, bankAccount) VALUES (19, 19, 'EMP227382', 'RbGAy2694f', 'NDJO00908314954778');
INSERT INTO employees (id, userId, employeeId, pan, bankAccount) VALUES (20, 20, 'EMP928690', 'NmXeC5652E', 'IJTF89720422172768');
INSERT INTO employees (id, userId, employeeId, pan, bankAccount) VALUES (21, 21, 'EMP837216', 'bmMVo0320P', 'TIDK00879374695944');
INSERT INTO employees (id, userId, employeeId, pan, bankAccount) VALUES (22, 22, 'EMP506595', 'MgDKV3338K', 'TSVH80719241880806');
INSERT INTO employees (id, userId, employeeId, pan, bankAccount) VALUES (23, 23, 'EMP621779', 'dppbP2324n', 'RGST98832044845110');
INSERT INTO employees (id, userId, employeeId, pan, bankAccount) VALUES (24, 24, 'EMP816836', 'TjLUo1422Y', 'UVSR85759852450224');
INSERT INTO employees (id, userId, employeeId, pan, bankAccount) VALUES (25, 25, 'EMP742377', 'YwhSW7663t', 'QZWQ81210794477291');
INSERT INTO employees (id, userId, employeeId, pan, bankAccount) VALUES (26, 26, 'EMP136663', 'vkfRz2545A', 'IVDX02649458281291');
INSERT INTO employees (id, userId, employeeId, pan, bankAccount) VALUES (27, 27, 'EMP98547', 'gwrKQ5916v', 'ANTG64178748840634');
INSERT INTO employees (id, userId, employeeId, pan, bankAccount) VALUES (28, 28, 'EMP433375', 'fPpch6780b', 'BTDF96986680857500');
INSERT INTO employees (id, userId, employeeId, pan, bankAccount) VALUES (29, 29, 'EMP802759', 'TEAbc8764I', 'HZIH05830853403810');
INSERT INTO employees (id, userId, employeeId, pan, bankAccount) VALUES (30, 30, 'EMP185776', 'mvCAr3083Y', 'QQMC39054587369736');
INSERT INTO employees (id, userId, employeeId, pan, bankAccount) VALUES (31, 31, 'EMP594265', 'WhjoH1258h', 'YGTG03269044867618');
INSERT INTO employees (id, userId, employeeId, pan, bankAccount) VALUES (32, 32, 'EMP535248', 'xvIXa1592o', 'IYUF98605870553992');
INSERT INTO employees (id, userId, employeeId, pan, bankAccount) VALUES (33, 33, 'EMP173162', 'OKvKN2861J', 'EXTB98898556576551');
INSERT INTO employees (id, userId, employeeId, pan, bankAccount) VALUES (34, 34, 'EMP789204', 'MZIGN5572x', 'YCPH94201378878084');
INSERT INTO employees (id, userId, employeeId, pan, bankAccount) VALUES (35, 35, 'EMP717686', 'tzYCH1176s', 'YJJS06281708036366');
INSERT INTO employees (id, userId, employeeId, pan, bankAccount) VALUES (36, 36, 'EMP607044', 'tgUBb0904H', 'XIPQ18815930916696');
INSERT INTO employees (id, userId, employeeId, pan, bankAccount) VALUES (37, 37, 'EMP253361', 'xApDz2770c', 'XHJL10516848451698');
INSERT INTO employees (id, userId, employeeId, pan, bankAccount) VALUES (38, 38, 'EMP572896', 'qRxSh1802o', 'VWLX94541218236124');
INSERT INTO employees (id, userId, employeeId, pan, bankAccount) VALUES (39, 39, 'EMP453670', 'prDza5170f', 'XMWC57940343093151');
INSERT INTO employees (id, userId, employeeId, pan, bankAccount) VALUES (40, 40, 'EMP756830', 'fXuxV8696U', 'MYMR52923741093790');
INSERT INTO employees (id, userId, employeeId, pan, bankAccount) VALUES (41, 41, 'EMP982838', 'Vbnbn6158m', 'BLFJ10458845638917');
INSERT INTO employees (id, userId, employeeId, pan, bankAccount) VALUES (42, 42, 'EMP512361', 'gJLMF9851s', 'WJUW96820025475675');
INSERT INTO employees (id, userId, employeeId, pan, bankAccount) VALUES (43, 43, 'EMP582649', 'YMCOE1932V', 'XMIT47375728702765');
INSERT INTO employees (id, userId, employeeId, pan, bankAccount) VALUES (44, 44, 'EMP391860', 'ZSPlN9695s', 'XOOW37211827404694');
INSERT INTO employees (id, userId, employeeId, pan, bankAccount) VALUES (45, 45, 'EMP712911', 'KfaGw6623m', 'IEUF85707622799989');
INSERT INTO employees (id, userId, employeeId, pan, bankAccount) VALUES (46, 46, 'EMP150175', 'htSCN9864Z', 'XCYR60877462256488');
INSERT INTO employees (id, userId, employeeId, pan, bankAccount) VALUES (47, 47, 'EMP912979', 'VaDbg5154t', 'GSPM37767731185579');
INSERT INTO employees (id, userId, employeeId, pan, bankAccount) VALUES (48, 48, 'EMP129833', 'KHrIW7381r', 'XYKX47640850714160');
INSERT INTO employees (id, userId, employeeId, pan, bankAccount) VALUES (49, 49, 'EMP353944', 'Uragz3559f', 'YZJH38566276412895');
INSERT INTO employees (id, userId, employeeId, pan, bankAccount) VALUES (50, 50, 'EMP486734', 'aLTLY7763E', 'TFUB23845067643658');
INSERT INTO employees (id, userId, employeeId, pan, bankAccount) VALUES (51, 51, 'EMP278093', 'PkWpa2112g', 'SJGL59416962247651');
INSERT INTO employees (id, userId, employeeId, pan, bankAccount) VALUES (52, 52, 'EMP284047', 'JSYDZ6221C', 'VSXY20269547884442');
INSERT INTO employees (id, userId, employeeId, pan, bankAccount) VALUES (53, 53, 'EMP126819', 'TCHbs1425X', 'AOTH11349688159307');
INSERT INTO employees (id, userId, employeeId, pan, bankAccount) VALUES (54, 54, 'EMP161723', 'hELwb7131j', 'DRYX66062558019378');
INSERT INTO employees (id, userId, employeeId, pan, bankAccount) VALUES (55, 55, 'EMP859205', 'LUlyE1721Y', 'ZYAW96081441987351');
INSERT INTO employees (id, userId, employeeId, pan, bankAccount) VALUES (56, 56, 'EMP892129', 'jYgxc5893t', 'VGRI10038515729684');
INSERT INTO employees (id, userId, employeeId, pan, bankAccount) VALUES (57, 57, 'EMP626986', 'iLvbA9413c', 'LJLG34449232034821');
INSERT INTO employees (id, userId, employeeId, pan, bankAccount) VALUES (58, 58, 'EMP65250', 'yLOPh3503n', 'VSYT37517130170119');
INSERT INTO employees (id, userId, employeeId, pan, bankAccount) VALUES (59, 59, 'EMP651545', 'Bjohb2451m', 'IRWH03014950933824');
INSERT INTO employees (id, userId, employeeId, pan, bankAccount) VALUES (60, 60, 'EMP454049', 'GcLWr1880Z', 'HANB60307631555570');
INSERT INTO employees (id, userId, employeeId, pan, bankAccount) VALUES (61, 61, 'EMP183656', 'IPiVU8076T', 'QJMS31496930909488');
INSERT INTO employees (id, userId, employeeId, pan, bankAccount) VALUES (62, 62, 'EMP597591', 'XiCOZ5136f', 'PBLU39322057536841');
INSERT INTO employees (id, userId, employeeId, pan, bankAccount) VALUES (63, 63, 'EMP48441', 'oXjyJ5526k', 'BQWI07879492849373');
INSERT INTO employees (id, userId, employeeId, pan, bankAccount) VALUES (64, 64, 'EMP924781', 'VpFfI3571A', 'TYGT73224641341887');
INSERT INTO employees (id, userId, employeeId, pan, bankAccount) VALUES (65, 65, 'EMP638333', 'XimRK2469D', 'PWJB41568802517370');
INSERT INTO employees (id, userId, employeeId, pan, bankAccount) VALUES (66, 66, 'EMP516254', 'LPuav2065i', 'YYCW36371787815035');
INSERT INTO employees (id, userId, employeeId, pan, bankAccount) VALUES (67, 67, 'EMP645054', 'obMhr5200j', 'CEES76985306509272');
INSERT INTO employees (id, userId, employeeId, pan, bankAccount) VALUES (68, 68, 'EMP674045', 'tvDaX5365e', 'SLDX42551531071934');
INSERT INTO employees (id, userId, employeeId, pan, bankAccount) VALUES (69, 69, 'EMP492289', 'EHXPZ1528E', 'MQIW21025877569480');
INSERT INTO employees (id, userId, employeeId, pan, bankAccount) VALUES (70, 70, 'EMP978618', 'Xokpo8942j', 'UXJM52814732198967');
INSERT INTO employees (id, userId, employeeId, pan, bankAccount) VALUES (71, 71, 'EMP296561', 'KWbGp5448j', 'LKZA48889029444110');
INSERT INTO employees (id, userId, employeeId, pan, bankAccount) VALUES (72, 72, 'EMP275402', 'RbvQj5099h', 'KRWH40639812188853');
INSERT INTO employees (id, userId, employeeId, pan, bankAccount) VALUES (73, 73, 'EMP565368', 'CuZCX5370e', 'GMIT73537668701740');
INSERT INTO employees (id, userId, employeeId, pan, bankAccount) VALUES (74, 74, 'EMP531885', 'OaFhZ9627r', 'WVGV98806867069419');
INSERT INTO employees (id, userId, employeeId, pan, bankAccount) VALUES (75, 75, 'EMP293027', 'nfylf9019S', 'GYOC77087790246184');
INSERT INTO employees (id, userId, employeeId, pan, bankAccount) VALUES (76, 76, 'EMP242484', 'QJtNH8115u', 'WMCC42672971568256');
INSERT INTO employees (id, userId, employeeId, pan, bankAccount) VALUES (77, 77, 'EMP466431', 'QjqnK2659M', 'KGRH22517968539780');
INSERT INTO employees (id, userId, employeeId, pan, bankAccount) VALUES (78, 78, 'EMP547080', 'ahHYr4915a', 'TJPK79762510075131');
INSERT INTO employees (id, userId, employeeId, pan, bankAccount) VALUES (79, 79, 'EMP490671', 'wfzNH4550l', 'RPAZ65620324913248');
INSERT INTO employees (id, userId, employeeId, pan, bankAccount) VALUES (80, 80, 'EMP330484', 'jtVfN9236P', 'WRMF95022384100301');
INSERT INTO employees (id, userId, employeeId, pan, bankAccount) VALUES (81, 81, 'EMP815809', 'HWynz7187d', 'ASFQ84423428075533');
INSERT INTO employees (id, userId, employeeId, pan, bankAccount) VALUES (82, 82, 'EMP15389', 'ZZCSa7520M', 'UAUD29446708933445');
INSERT INTO employees (id, userId, employeeId, pan, bankAccount) VALUES (83, 83, 'EMP831442', 'HbJQo1183r', 'KBAD15277143287092');
INSERT INTO employees (id, userId, employeeId, pan, bankAccount) VALUES (84, 84, 'EMP358838', 'uVSvq8326j', 'CYSC56193684550601');
INSERT INTO employees (id, userId, employeeId, pan, bankAccount) VALUES (85, 85, 'EMP663094', 'PeAKq1094T', 'RMDL03633420015993');
INSERT INTO employees (id, userId, employeeId, pan, bankAccount) VALUES (86, 86, 'EMP730946', 'IZCgS5329X', 'FKYM19115330137217');
INSERT INTO employees (id, userId, employeeId, pan, bankAccount) VALUES (87, 87, 'EMP45035', 'ZkoMq2989j', 'ZQLQ72781547589281');
INSERT INTO employees (id, userId, employeeId, pan, bankAccount) VALUES (88, 88, 'EMP729524', 'snsCM6354P', 'XOVR12494276866955');
INSERT INTO employees (id, userId, employeeId, pan, bankAccount) VALUES (89, 89, 'EMP468979', 'grThm8424U', 'XEHU05474278066338');
INSERT INTO employees (id, userId, employeeId, pan, bankAccount) VALUES (90, 90, 'EMP297450', 'XRPrj5283M', 'PZEI24692569096740');
INSERT INTO employees (id, userId, employeeId, pan, bankAccount) VALUES (91, 91, 'EMP592316', 'dffnj3429n', 'VJEL75711957843722');
INSERT INTO employees (id, userId, employeeId, pan, bankAccount) VALUES (92, 92, 'EMP220357', 'ZcoWm8260n', 'ZYJG03417546666673');
INSERT INTO employees (id, userId, employeeId, pan, bankAccount) VALUES (93, 93, 'EMP195043', 'JVWFs1238v', 'MXZL63242604586017');
INSERT INTO employees (id, userId, employeeId, pan, bankAccount) VALUES (94, 94, 'EMP776369', 'AzBtx8483e', 'XBFU33168528204988');
INSERT INTO employees (id, userId, employeeId, pan, bankAccount) VALUES (95, 95, 'EMP287107', 'gljSQ5016o', 'ZFEY55071675719282');
INSERT INTO employees (id, userId, employeeId, pan, bankAccount) VALUES (96, 96, 'EMP82263', 'BHBij7348t', 'JUHO30620290353075');
INSERT INTO employees (id, userId, employeeId, pan, bankAccount) VALUES (97, 97, 'EMP711350', 'Dqtaa3767d', 'RYZT74306961980078');
INSERT INTO employees (id, userId, employeeId, pan, bankAccount) VALUES (98, 98, 'EMP744458', 'TtuyY3135p', 'NXEB86614294799086');
INSERT INTO employees (id, userId, employeeId, pan, bankAccount) VALUES (99, 99, 'EMP338032', 'ABXDG6458h', 'FFUC82296112347333');
INSERT INTO employees (id, userId, employeeId, pan, bankAccount) VALUES (100, 100, 'EMP13962', 'kPhYg1796e', 'LCYS17881712545367');
INSERT INTO medical_records (id, userId, recordNumber, diagnosis) VALUES (1, 1, 'MRN31709910', 'After age former mention.');
INSERT INTO medical_records (id, userId, recordNumber, diagnosis) VALUES (2, 2, 'MRN33960305', 'Base bag skin fish.');
INSERT INTO medical_records (id, userId, recordNumber, diagnosis) VALUES (3, 3, 'MRN64391742', 'According his first writer life.');
INSERT INTO medical_records (id, userId, recordNumber, diagnosis) VALUES (4, 4, 'MRN12209035', 'Upon himself foot simple bank do per.');
INSERT INTO medical_records (id, userId, recordNumber, diagnosis) VALUES (5, 5, 'MRN72271239', 'Theory worry require though share.');
INSERT INTO medical_records (id, userId, recordNumber, diagnosis) VALUES (6, 6, 'MRN874270', 'Forward kid professor pretty where.');
INSERT INTO medical_records (id, userId, recordNumber, diagnosis) VALUES (7, 7, 'MRN3562000', 'Weight house sing worry about forward character me.');
INSERT INTO medical_records (id, userId, recordNumber, diagnosis) VALUES (8, 8, 'MRN70564929', 'Article protect everything thus prevent.');
INSERT INTO medical_records (id, userId, recordNumber, diagnosis) VALUES (9, 9, 'MRN84169192', 'Their magazine animal along.');
INSERT INTO medical_records (id, userId, recordNumber, diagnosis) VALUES (10, 10, 'MRN76291891', 'Stand sport none large kitchen probably.');
INSERT INTO medical_records (id, userId, recordNumber, diagnosis) VALUES (11, 11, 'MRN60131344', 'Treat style window use choose economic consumer.');
INSERT INTO medical_records (id, userId, recordNumber, diagnosis) VALUES (12, 12, 'MRN3172239', 'Whole many answer morning thousand under.');
INSERT INTO medical_records (id, userId, recordNumber, diagnosis) VALUES (13, 13, 'MRN51901404', 'Since service individual involve it while woman.');
INSERT INTO medical_records (id, userId, recordNumber, diagnosis) VALUES (14, 14, 'MRN52520121', 'Watch will simply she unit official.');
INSERT INTO medical_records (id, userId, recordNumber, diagnosis) VALUES (15, 15, 'MRN4369685', 'Draw shake machine might television floor image.');
INSERT INTO medical_records (id, userId, recordNumber, diagnosis) VALUES (16, 16, 'MRN56732011', 'Information operation that note sea radio perhaps group.');
INSERT INTO medical_records (id, userId, recordNumber, diagnosis) VALUES (17, 17, 'MRN64413361', 'Perhaps each clear piece left rich student admit.');
INSERT INTO medical_records (id, userId, recordNumber, diagnosis) VALUES (18, 18, 'MRN61265124', 'Remember buy but.');
INSERT INTO medical_records (id, userId, recordNumber, diagnosis) VALUES (19, 19, 'MRN61219966', 'Company someone herself attack simple serve daughter lose.');
INSERT INTO medical_records (id, userId, recordNumber, diagnosis) VALUES (20, 20, 'MRN64848022', 'Success example her open make.');
INSERT INTO medical_records (id, userId, recordNumber, diagnosis) VALUES (21, 21, 'MRN35046728', 'Game democratic style city amount bad.');
INSERT INTO medical_records (id, userId, recordNumber, diagnosis) VALUES (22, 22, 'MRN22740874', 'Ten nor often dinner family live finally.');
INSERT INTO medical_records (id, userId, recordNumber, diagnosis) VALUES (23, 23, 'MRN68387701', 'Against enough policy media follow result.');
INSERT INTO medical_records (id, userId, recordNumber, diagnosis) VALUES (24, 24, 'MRN69485705', 'Include question rather challenge.');
INSERT INTO medical_records (id, userId, recordNumber, diagnosis) VALUES (25, 25, 'MRN37830117', 'During learn price know others.');
INSERT INTO medical_records (id, userId, recordNumber, diagnosis) VALUES (26, 26, 'MRN22139084', 'Still finally federal phone democratic.');
INSERT INTO medical_records (id, userId, recordNumber, diagnosis) VALUES (27, 27, 'MRN85838267', 'The still company animal win training wish pay.');
INSERT INTO medical_records (id, userId, recordNumber, diagnosis) VALUES (28, 28, 'MRN86275364', 'Design news stock collection bill section finally PM.');
INSERT INTO medical_records (id, userId, recordNumber, diagnosis) VALUES (29, 29, 'MRN39046741', 'Fund government buy final ever Democrat.');
INSERT INTO medical_records (id, userId, recordNumber, diagnosis) VALUES (30, 30, 'MRN88358424', 'Particular history adult check final edge.');
INSERT INTO medical_records (id, userId, recordNumber, diagnosis) VALUES (31, 31, 'MRN37827135', 'Five natural us country.');
INSERT INTO medical_records (id, userId, recordNumber, diagnosis) VALUES (32, 32, 'MRN13922919', 'Physical vote notice family.');
INSERT INTO medical_records (id, userId, recordNumber, diagnosis) VALUES (33, 33, 'MRN59958138', 'Model staff method place how then.');
INSERT INTO medical_records (id, userId, recordNumber, diagnosis) VALUES (34, 34, 'MRN75439277', 'Cost Democrat activity movie high energy strategy give.');
INSERT INTO medical_records (id, userId, recordNumber, diagnosis) VALUES (35, 35, 'MRN88316776', 'Look foot crime north condition low service.');
INSERT INTO medical_records (id, userId, recordNumber, diagnosis) VALUES (36, 36, 'MRN7023122', 'Class pull left.');
INSERT INTO medical_records (id, userId, recordNumber, diagnosis) VALUES (37, 37, 'MRN93688040', 'While return marriage.');
INSERT INTO medical_records (id, userId, recordNumber, diagnosis) VALUES (38, 38, 'MRN54298305', 'Human set even beat discover house everyone.');
INSERT INTO medical_records (id, userId, recordNumber, diagnosis) VALUES (39, 39, 'MRN41640531', 'Weight child at must whatever machine hand.');
INSERT INTO medical_records (id, userId, recordNumber, diagnosis) VALUES (40, 40, 'MRN50783691', 'Child must instead huge growth community.');
INSERT INTO medical_records (id, userId, recordNumber, diagnosis) VALUES (41, 41, 'MRN3061244', 'Heavy sign camera blue no song yes article.');
INSERT INTO medical_records (id, userId, recordNumber, diagnosis) VALUES (42, 42, 'MRN714653', 'In like break mean five.');
INSERT INTO medical_records (id, userId, recordNumber, diagnosis) VALUES (43, 43, 'MRN83594665', 'Born trip American here lawyer purpose friend.');
INSERT INTO medical_records (id, userId, recordNumber, diagnosis) VALUES (44, 44, 'MRN10024770', 'Rest no worry.');
INSERT INTO medical_records (id, userId, recordNumber, diagnosis) VALUES (45, 45, 'MRN79034155', 'Box hear themselves blue oil son add again.');
INSERT INTO medical_records (id, userId, recordNumber, diagnosis) VALUES (46, 46, 'MRN21888741', 'Dinner boy street open avoid yes.');
INSERT INTO medical_records (id, userId, recordNumber, diagnosis) VALUES (47, 47, 'MRN61604830', 'During safe cultural could reduce since understand sister.');
INSERT INTO medical_records (id, userId, recordNumber, diagnosis) VALUES (48, 48, 'MRN99455618', 'Investment source kind later clearly executive.');
INSERT INTO medical_records (id, userId, recordNumber, diagnosis) VALUES (49, 49, 'MRN15415256', 'Manage picture through total away water listen learn.');
INSERT INTO medical_records (id, userId, recordNumber, diagnosis) VALUES (50, 50, 'MRN90543435', 'Recent anything check institution financial system near weight.');
INSERT INTO medical_records (id, userId, recordNumber, diagnosis) VALUES (51, 51, 'MRN80489976', 'Middle form whatever school.');
INSERT INTO medical_records (id, userId, recordNumber, diagnosis) VALUES (52, 52, 'MRN52322888', 'Center site especially through read.');
INSERT INTO medical_records (id, userId, recordNumber, diagnosis) VALUES (53, 53, 'MRN74231447', 'Several relate position simply politics music wife agreement.');
INSERT INTO medical_records (id, userId, recordNumber, diagnosis) VALUES (54, 54, 'MRN6733068', 'Possible usually century long wrong grow idea.');
INSERT INTO medical_records (id, userId, recordNumber, diagnosis) VALUES (55, 55, 'MRN19668800', 'Executive either Mrs.');
INSERT INTO medical_records (id, userId, recordNumber, diagnosis) VALUES (56, 56, 'MRN17231802', 'Position past yes send.');
INSERT INTO medical_records (id, userId, recordNumber, diagnosis) VALUES (57, 57, 'MRN90940186', 'Subject information over instead thing forward second.');
INSERT INTO medical_records (id, userId, recordNumber, diagnosis) VALUES (58, 58, 'MRN73814319', 'Past dog table heart spend.');
INSERT INTO medical_records (id, userId, recordNumber, diagnosis) VALUES (59, 59, 'MRN94661148', 'Measure plan region laugh.');
INSERT INTO medical_records (id, userId, recordNumber, diagnosis) VALUES (60, 60, 'MRN71023719', 'For direction morning.');
INSERT INTO medical_records (id, userId, recordNumber, diagnosis) VALUES (61, 61, 'MRN29817609', 'Stock this degree deal benefit.');
INSERT INTO medical_records (id, userId, recordNumber, diagnosis) VALUES (62, 62, 'MRN43550062', 'Begin career government culture law organization head.');
INSERT INTO medical_records (id, userId, recordNumber, diagnosis) VALUES (63, 63, 'MRN70548695', 'Rock six reality style up would call.');
INSERT INTO medical_records (id, userId, recordNumber, diagnosis) VALUES (64, 64, 'MRN89161534', 'Test reflect assume bank direction choose general.');
INSERT INTO medical_records (id, userId, recordNumber, diagnosis) VALUES (65, 65, 'MRN74254482', 'Force yard opportunity political person me.');
INSERT INTO medical_records (id, userId, recordNumber, diagnosis) VALUES (66, 66, 'MRN78737856', 'Sea idea that music bit be.');
INSERT INTO medical_records (id, userId, recordNumber, diagnosis) VALUES (67, 67, 'MRN88692206', 'Red reach candidate value.');
INSERT INTO medical_records (id, userId, recordNumber, diagnosis) VALUES (68, 68, 'MRN66715511', 'World someone foot throughout.');
INSERT INTO medical_records (id, userId, recordNumber, diagnosis) VALUES (69, 69, 'MRN91078726', 'Improve end president even near defense suffer.');
INSERT INTO medical_records (id, userId, recordNumber, diagnosis) VALUES (70, 70, 'MRN64637629', 'After usually policy agent draw with.');
INSERT INTO medical_records (id, userId, recordNumber, diagnosis) VALUES (71, 71, 'MRN33751136', 'Cold cost president agreement.');
INSERT INTO medical_records (id, userId, recordNumber, diagnosis) VALUES (72, 72, 'MRN64705431', 'West support she take tonight member safe.');
INSERT INTO medical_records (id, userId, recordNumber, diagnosis) VALUES (73, 73, 'MRN19780358', 'Push return gas.');
INSERT INTO medical_records (id, userId, recordNumber, diagnosis) VALUES (74, 74, 'MRN11548762', 'Matter particularly body.');
INSERT INTO medical_records (id, userId, recordNumber, diagnosis) VALUES (75, 75, 'MRN61237229', 'Truth stay at rich shoulder.');
INSERT INTO medical_records (id, userId, recordNumber, diagnosis) VALUES (76, 76, 'MRN63257432', 'News officer little whose glass.');
INSERT INTO medical_records (id, userId, recordNumber, diagnosis) VALUES (77, 77, 'MRN25002352', 'Since like letter final south else.');
INSERT INTO medical_records (id, userId, recordNumber, diagnosis) VALUES (78, 78, 'MRN998500', 'Truth painting than hotel bit.');
INSERT INTO medical_records (id, userId, recordNumber, diagnosis) VALUES (79, 79, 'MRN14093996', 'General them five very never space certain.');
INSERT INTO medical_records (id, userId, recordNumber, diagnosis) VALUES (80, 80, 'MRN98858277', 'Senior them explain so blood particularly.');
INSERT INTO medical_records (id, userId, recordNumber, diagnosis) VALUES (81, 81, 'MRN50124504', 'End peace owner party effort.');
INSERT INTO medical_records (id, userId, recordNumber, diagnosis) VALUES (82, 82, 'MRN71592680', 'Stock lay ready ago trouble speak.');
INSERT INTO medical_records (id, userId, recordNumber, diagnosis) VALUES (83, 83, 'MRN35423572', 'Someone position dog.');
INSERT INTO medical_records (id, userId, recordNumber, diagnosis) VALUES (84, 84, 'MRN23321158', 'Wrong than option professor example social sport coach.');
INSERT INTO medical_records (id, userId, recordNumber, diagnosis) VALUES (85, 85, 'MRN60137233', 'Across affect show.');
INSERT INTO medical_records (id, userId, recordNumber, diagnosis) VALUES (86, 86, 'MRN1089337', 'Bit military way.');
INSERT INTO medical_records (id, userId, recordNumber, diagnosis) VALUES (87, 87, 'MRN73774181', 'Gun whom factor attention receive.');
INSERT INTO medical_records (id, userId, recordNumber, diagnosis) VALUES (88, 88, 'MRN43566037', 'Fill foreign get someone east wall future wide.');
INSERT INTO medical_records (id, userId, recordNumber, diagnosis) VALUES (89, 89, 'MRN32485944', 'Full treat news strategy reason.');
INSERT INTO medical_records (id, userId, recordNumber, diagnosis) VALUES (90, 90, 'MRN43322978', 'Somebody growth bar house cultural argue.');
INSERT INTO medical_records (id, userId, recordNumber, diagnosis) VALUES (91, 91, 'MRN66917138', 'Fast appear red suddenly.');
INSERT INTO medical_records (id, userId, recordNumber, diagnosis) VALUES (92, 92, 'MRN32742705', 'Answer others heart so.');
INSERT INTO medical_records (id, userId, recordNumber, diagnosis) VALUES (93, 93, 'MRN2449986', 'Hundred technology probably sometimes bar manage.');
INSERT INTO medical_records (id, userId, recordNumber, diagnosis) VALUES (94, 94, 'MRN96923207', 'Agent able bank investment very yourself to.');
INSERT INTO medical_records (id, userId, recordNumber, diagnosis) VALUES (95, 95, 'MRN77409179', 'Education understand forward.');
INSERT INTO medical_records (id, userId, recordNumber, diagnosis) VALUES (96, 96, 'MRN37882846', 'Decide support level standard.');
INSERT INTO medical_records (id, userId, recordNumber, diagnosis) VALUES (97, 97, 'MRN78184174', 'By little apply dog bit financial.');
INSERT INTO medical_records (id, userId, recordNumber, diagnosis) VALUES (98, 98, 'MRN10355961', 'Our debate both or.');
INSERT INTO medical_records (id, userId, recordNumber, diagnosis) VALUES (99, 99, 'MRN52343963', 'Clear get within short better none job.');
INSERT INTO medical_records (id, userId, recordNumber, diagnosis) VALUES (100, 100, 'MRN77290167', 'Find available best expert article seat.');
INSERT INTO insurance_policies (id, userId, policyNumber, provider) VALUES (1, 1, 'IN2084353909', 'Hayes and Sons');
INSERT INTO insurance_policies (id, userId, policyNumber, provider) VALUES (2, 2, 'IN8154677689', 'Heath, Taylor and Henderson');
INSERT INTO insurance_policies (id, userId, policyNumber, provider) VALUES (3, 3, 'IN8167407263', 'Michael, Rodriguez and Mclaughlin');
INSERT INTO insurance_policies (id, userId, policyNumber, provider) VALUES (4, 4, 'IN7976766511', 'Benson, Weaver and Bishop');
INSERT INTO insurance_policies (id, userId, policyNumber, provider) VALUES (5, 5, 'IN5339738539', 'Vargas-Mitchell');
INSERT INTO insurance_policies (id, userId, policyNumber, provider) VALUES (6, 6, 'IN1062245877', 'Alexander and Sons');
INSERT INTO insurance_policies (id, userId, policyNumber, provider) VALUES (7, 7, 'IN3698063413', 'Rose, Anderson and Roberts');
INSERT INTO insurance_policies (id, userId, policyNumber, provider) VALUES (8, 8, 'IN9510994864', 'Cruz, Perez and Singh');
INSERT INTO insurance_policies (id, userId, policyNumber, provider) VALUES (9, 9, 'IN3801563898', 'Conley, Williams and Sanders');
INSERT INTO insurance_policies (id, userId, policyNumber, provider) VALUES (10, 10, 'IN2558807054', 'Holland Ltd');
INSERT INTO insurance_policies (id, userId, policyNumber, provider) VALUES (11, 11, 'IN8356974245', 'Foster Group');
INSERT INTO insurance_policies (id, userId, policyNumber, provider) VALUES (12, 12, 'IN8725793954', 'Ferguson, Freeman and Lewis');
INSERT INTO insurance_policies (id, userId, policyNumber, provider) VALUES (13, 13, 'IN7873441498', 'Edwards Inc');
INSERT INTO insurance_policies (id, userId, policyNumber, provider) VALUES (14, 14, 'IN8021204209', 'Gibson Group');
INSERT INTO insurance_policies (id, userId, policyNumber, provider) VALUES (15, 15, 'IN9289817175', 'Greene Inc');
INSERT INTO insurance_policies (id, userId, policyNumber, provider) VALUES (16, 16, 'IN1231437450', 'Dixon-Brown');
INSERT INTO insurance_policies (id, userId, policyNumber, provider) VALUES (17, 17, 'IN7499578212', 'Hall PLC');
INSERT INTO insurance_policies (id, userId, policyNumber, provider) VALUES (18, 18, 'IN2820500092', 'Chavez, Oliver and Garrett');
INSERT INTO insurance_policies (id, userId, policyNumber, provider) VALUES (19, 19, 'IN1131488521', 'Hunter PLC');
INSERT INTO insurance_policies (id, userId, policyNumber, provider) VALUES (20, 20, 'IN3166407105', 'Davis, Mitchell and Smith');
INSERT INTO insurance_policies (id, userId, policyNumber, provider) VALUES (21, 21, 'IN9505625530', 'Arellano, Riley and Robertson');
INSERT INTO insurance_policies (id, userId, policyNumber, provider) VALUES (22, 22, 'IN9200490974', 'Price PLC');
INSERT INTO insurance_policies (id, userId, policyNumber, provider) VALUES (23, 23, 'IN2670468159', 'Hayes-Anderson');
INSERT INTO insurance_policies (id, userId, policyNumber, provider) VALUES (24, 24, 'IN2707121755', 'Anderson and Sons');
INSERT INTO insurance_policies (id, userId, policyNumber, provider) VALUES (25, 25, 'IN9998325332', 'Lane-Peterson');
INSERT INTO insurance_policies (id, userId, policyNumber, provider) VALUES (26, 26, 'IN2328480804', 'Grant, Cooley and Valentine');
INSERT INTO insurance_policies (id, userId, policyNumber, provider) VALUES (27, 27, 'IN8237785326', 'Stewart-Gaines');
INSERT INTO insurance_policies (id, userId, policyNumber, provider) VALUES (28, 28, 'IN3124592005', 'Weaver-Jarvis');
INSERT INTO insurance_policies (id, userId, policyNumber, provider) VALUES (29, 29, 'IN2794077846', 'Madden, Ritter and Martinez');
INSERT INTO insurance_policies (id, userId, policyNumber, provider) VALUES (30, 30, 'IN4048192328', 'Dodson-Hopkins');
INSERT INTO insurance_policies (id, userId, policyNumber, provider) VALUES (31, 31, 'IN5365712988', 'Butler, Lane and Fuller');
INSERT INTO insurance_policies (id, userId, policyNumber, provider) VALUES (32, 32, 'IN4182697392', 'Lee, Garza and Bowman');
INSERT INTO insurance_policies (id, userId, policyNumber, provider) VALUES (33, 33, 'IN7327241543', 'Wilson, Hale and Cross');
INSERT INTO insurance_policies (id, userId, policyNumber, provider) VALUES (34, 34, 'IN7354900953', 'Wyatt Inc');
INSERT INTO insurance_policies (id, userId, policyNumber, provider) VALUES (35, 35, 'IN8948856601', 'Martin-Mclaughlin');
INSERT INTO insurance_policies (id, userId, policyNumber, provider) VALUES (36, 36, 'IN3806725576', 'Reilly, Duarte and Gibson');
INSERT INTO insurance_policies (id, userId, policyNumber, provider) VALUES (37, 37, 'IN9707508283', 'Sanchez-Parker');
INSERT INTO insurance_policies (id, userId, policyNumber, provider) VALUES (38, 38, 'IN2350849119', 'Conner-Ross');
INSERT INTO insurance_policies (id, userId, policyNumber, provider) VALUES (39, 39, 'IN2514524095', 'Richard Inc');
INSERT INTO insurance_policies (id, userId, policyNumber, provider) VALUES (40, 40, 'IN3013298870', 'Moss Inc');
INSERT INTO insurance_policies (id, userId, policyNumber, provider) VALUES (41, 41, 'IN2754291403', 'Obrien-Davis');
INSERT INTO insurance_policies (id, userId, policyNumber, provider) VALUES (42, 42, 'IN4364779720', 'Hill, Richmond and Ellis');
INSERT INTO insurance_policies (id, userId, policyNumber, provider) VALUES (43, 43, 'IN4025671413', 'Matthews, Thomas and Colon');
INSERT INTO insurance_policies (id, userId, policyNumber, provider) VALUES (44, 44, 'IN3687730190', 'Murray-Olson');
INSERT INTO insurance_policies (id, userId, policyNumber, provider) VALUES (45, 45, 'IN7418479524', 'Strickland-Newman');
INSERT INTO insurance_policies (id, userId, policyNumber, provider) VALUES (46, 46, 'IN5000416699', 'Nguyen, Santiago and Taylor');
INSERT INTO insurance_policies (id, userId, policyNumber, provider) VALUES (47, 47, 'IN9424607060', 'Henderson Inc');
INSERT INTO insurance_policies (id, userId, policyNumber, provider) VALUES (48, 48, 'IN8070500744', 'Collins-Parker');
INSERT INTO insurance_policies (id, userId, policyNumber, provider) VALUES (49, 49, 'IN6348591143', 'Chavez, Berry and Douglas');
INSERT INTO insurance_policies (id, userId, policyNumber, provider) VALUES (50, 50, 'IN3041218391', 'Moore-Knight');
INSERT INTO insurance_policies (id, userId, policyNumber, provider) VALUES (51, 51, 'IN3966707826', 'Wong Group');
INSERT INTO insurance_policies (id, userId, policyNumber, provider) VALUES (52, 52, 'IN1903154947', 'Aguilar LLC');
INSERT INTO insurance_policies (id, userId, policyNumber, provider) VALUES (53, 53, 'IN5336458290', 'Salinas Inc');
INSERT INTO insurance_policies (id, userId, policyNumber, provider) VALUES (54, 54, 'IN9703779572', 'Hartman, Lee and Anderson');
INSERT INTO insurance_policies (id, userId, policyNumber, provider) VALUES (55, 55, 'IN3496233055', 'Patrick, Cooper and Flores');
INSERT INTO insurance_policies (id, userId, policyNumber, provider) VALUES (56, 56, 'IN8122078099', 'Lee-Smith');
INSERT INTO insurance_policies (id, userId, policyNumber, provider) VALUES (57, 57, 'IN4335073111', 'Bauer-Henry');
INSERT INTO insurance_policies (id, userId, policyNumber, provider) VALUES (58, 58, 'IN8931450502', 'Savage, Rhodes and Lee');
INSERT INTO insurance_policies (id, userId, policyNumber, provider) VALUES (59, 59, 'IN6152780522', 'Rodgers Ltd');
INSERT INTO insurance_policies (id, userId, policyNumber, provider) VALUES (60, 60, 'IN6464391176', 'Taylor, Wiggins and Bond');
INSERT INTO insurance_policies (id, userId, policyNumber, provider) VALUES (61, 61, 'IN7851694618', 'Banks-Brown');
INSERT INTO insurance_policies (id, userId, policyNumber, provider) VALUES (62, 62, 'IN3242169439', 'Terry, Foster and Estrada');
INSERT INTO insurance_policies (id, userId, policyNumber, provider) VALUES (63, 63, 'IN8556744921', 'Guerra-Winters');
INSERT INTO insurance_policies (id, userId, policyNumber, provider) VALUES (64, 64, 'IN3021843804', 'Phillips, Harmon and Roberts');
INSERT INTO insurance_policies (id, userId, policyNumber, provider) VALUES (65, 65, 'IN2377880046', 'Lee-Kaiser');
INSERT INTO insurance_policies (id, userId, policyNumber, provider) VALUES (66, 66, 'IN1276252475', 'Peterson LLC');
INSERT INTO insurance_policies (id, userId, policyNumber, provider) VALUES (67, 67, 'IN6788717805', 'Henderson, Castaneda and Burns');
INSERT INTO insurance_policies (id, userId, policyNumber, provider) VALUES (68, 68, 'IN9706045173', 'Brown LLC');
INSERT INTO insurance_policies (id, userId, policyNumber, provider) VALUES (69, 69, 'IN2545255881', 'Young PLC');
INSERT INTO insurance_policies (id, userId, policyNumber, provider) VALUES (70, 70, 'IN7638092083', 'Case and Sons');
INSERT INTO insurance_policies (id, userId, policyNumber, provider) VALUES (71, 71, 'IN8452673715', 'Lutz, Shaw and Ford');
INSERT INTO insurance_policies (id, userId, policyNumber, provider) VALUES (72, 72, 'IN1889464345', 'Wheeler Group');
INSERT INTO insurance_policies (id, userId, policyNumber, provider) VALUES (73, 73, 'IN8733853482', 'Griffin-Stewart');
INSERT INTO insurance_policies (id, userId, policyNumber, provider) VALUES (74, 74, 'IN2003118142', 'Proctor Group');
INSERT INTO insurance_policies (id, userId, policyNumber, provider) VALUES (75, 75, 'IN6708685877', 'Wilson Group');
INSERT INTO insurance_policies (id, userId, policyNumber, provider) VALUES (76, 76, 'IN6708132104', 'Moses Group');
INSERT INTO insurance_policies (id, userId, policyNumber, provider) VALUES (77, 77, 'IN9831563345', 'Austin-Moore');
INSERT INTO insurance_policies (id, userId, policyNumber, provider) VALUES (78, 78, 'IN2379948257', 'Mccormick-Salazar');
INSERT INTO insurance_policies (id, userId, policyNumber, provider) VALUES (79, 79, 'IN1815236263', 'Miller, Tran and Preston');
INSERT INTO insurance_policies (id, userId, policyNumber, provider) VALUES (80, 80, 'IN2642170810', 'Oliver-Brennan');
INSERT INTO insurance_policies (id, userId, policyNumber, provider) VALUES (81, 81, 'IN6134632711', 'Taylor PLC');
INSERT INTO insurance_policies (id, userId, policyNumber, provider) VALUES (82, 82, 'IN9994874512', 'Jones LLC');
INSERT INTO insurance_policies (id, userId, policyNumber, provider) VALUES (83, 83, 'IN6417613864', 'Smith-Palmer');
INSERT INTO insurance_policies (id, userId, policyNumber, provider) VALUES (84, 84, 'IN3000045163', 'Bates, Singleton and Dawson');
INSERT INTO insurance_policies (id, userId, policyNumber, provider) VALUES (85, 85, 'IN6285101598', 'Reid, Vance and Solomon');
INSERT INTO insurance_policies (id, userId, policyNumber, provider) VALUES (86, 86, 'IN9449744295', 'Simmons-Garcia');
INSERT INTO insurance_policies (id, userId, policyNumber, provider) VALUES (87, 87, 'IN3493776008', 'Cook-Jensen');
INSERT INTO insurance_policies (id, userId, policyNumber, provider) VALUES (88, 88, 'IN7298812059', 'Neal-Hernandez');
INSERT INTO insurance_policies (id, userId, policyNumber, provider) VALUES (89, 89, 'IN6821011573', 'Carter-Johnson');
INSERT INTO insurance_policies (id, userId, policyNumber, provider) VALUES (90, 90, 'IN3513837249', 'Camacho-Wilson');
INSERT INTO insurance_policies (id, userId, policyNumber, provider) VALUES (91, 91, 'IN6477609423', 'Hill, Estrada and Gomez');
INSERT INTO insurance_policies (id, userId, policyNumber, provider) VALUES (92, 92, 'IN2396402222', 'Smith, Ferguson and Cooper');
INSERT INTO insurance_policies (id, userId, policyNumber, provider) VALUES (93, 93, 'IN3250355758', 'Walters-Rodriguez');
INSERT INTO insurance_policies (id, userId, policyNumber, provider) VALUES (94, 94, 'IN7908244970', 'Jackson Ltd');
INSERT INTO insurance_policies (id, userId, policyNumber, provider) VALUES (95, 95, 'IN9325113754', 'Maxwell Inc');
INSERT INTO insurance_policies (id, userId, policyNumber, provider) VALUES (96, 96, 'IN4840287202', 'Nelson-Roberts');
INSERT INTO insurance_policies (id, userId, policyNumber, provider) VALUES (97, 97, 'IN5594795977', 'Myers, Griffin and Miller');
INSERT INTO insurance_policies (id, userId, policyNumber, provider) VALUES (98, 98, 'IN3303448145', 'Bailey LLC');
INSERT INTO insurance_policies (id, userId, policyNumber, provider) VALUES (99, 99, 'IN4673038531', 'Ramsey, Nichols and Bates');
INSERT INTO insurance_policies (id, userId, policyNumber, provider) VALUES (100, 100, 'IN9064363911', 'Wright, Adams and Long');