insert into users (
   id,
   name,
   email,
   phone,
   dob,
   gender,
   address
) values ( 1,
           'Michael Choi',
           'david60@example.com',
           '1367205031',
           '1988-05-26',
           'non-binary',
           '44220 Boyd Walk Apt. 980, New Patrickhaven, WV 88084' );
insert into users (
   id,
   name,
   email,
   phone,
   dob,
   gender,
   address
) values ( 2,
           'Steven Morgan',
           'kellymcdonald@example.org',
           '9558775494',
           '1995-06-13',
           'male',
           '385 Nathan Knolls Suite 519, Jackview, ID 31436' );
insert into users (
   id,
   name,
   email,
   phone,
   dob,
   gender,
   address
) values ( 3,
           'Teresa Davis',
           'heather59@example.net',
           '2383237421',
           '1996-02-20',
           'male',
           '4902 Tammy Spur Suite 746, Port Melissa, OK 87650' );
insert into users (
   id,
   name,
   email,
   phone,
   dob,
   gender,
   address
) values ( 4,
           'Douglas Cruz',
           'bjackson@example.com',
           '9891051908',
           '1986-01-07',
           'non-binary',
           'Unit 0782 Box 9338, DPO AA 62661' );
insert into users (
   id,
   name,
   email,
   phone,
   dob,
   gender,
   address
) values ( 5,
           'Kelsey Allen',
           'alicia15@example.com',
           '5965365789',
           '1999-05-16',
           'female',
           '1326 Holmes Club Apt. 422, Lake Julie, AK 17660' );
insert into users (
   id,
   name,
   email,
   phone,
   dob,
   gender,
   address
) values ( 6,
           'Samantha Rhodes',
           'isabellakelley@example.org',
           '8932773235',
           '1977-10-21',
           'female',
           '629 Peterson Pines Suite 921, West David, OH 85070' );
insert into users (
   id,
   name,
   email,
   phone,
   dob,
   gender,
   address
) values ( 7,
           'Nathan Reed',
           'wardashley@example.org',
           '6430647397',
           '1999-08-09',
           'female',
           '28935 Nielsen Station, South Eric, PA 02262' );
insert into users (
   id,
   name,
   email,
   phone,
   dob,
   gender,
   address
) values ( 8,
           'Alexander Moon',
           'hward@example.com',
           '3672672293',
           '1949-04-10',
           'male',
           '1650 Becky Inlet Apt. 110, Robinberg, NC 24393' );
insert into users (
   id,
   name,
   email,
   phone,
   dob,
   gender,
   address
) values ( 9,
           'Kelly Hubbard',
           'kjenkins@example.net',
           '1170305558',
           '1993-09-05',
           'non-binary',
           '5706 Raymond Burg Suite 413, West Jeremiahburgh, MO 43138' );
insert into users (
   id,
   name,
   email,
   phone,
   dob,
   gender,
   address
) values ( 10,
           'Alicia Sandoval',
           'laurenjordan@example.org',
           '4116372174',
           '1954-05-09',
           'male',
           '6413 Ellison Extensions, Robertstad, MH 32388' );
insert into users (
   id,
   name,
   email,
   phone,
   dob,
   gender,
   address
) values ( 11,
           'Rebecca White',
           'fthompson@example.net',
           '3474922377',
           '1980-04-28',
           'non-binary',
           '17230 Jermaine Views, New Toddview, DC 67265' );
insert into users (
   id,
   name,
   email,
   phone,
   dob,
   gender,
   address
) values ( 12,
           'Molly Park',
           'brittanyedwards@example.com',
           '2067344677',
           '1949-08-04',
           'female',
           '66788 Mike Estates, Lake Bonnieview, AZ 41745' );
insert into users (
   id,
   name,
   email,
   phone,
   dob,
   gender,
   address
) values ( 13,
           'Jeffrey Williams',
           'brittanyyork@example.net',
           '0838299309',
           '1990-08-03',
           'non-binary',
           '5263 Kyle Freeway Apt. 682, West Jennaville, MN 42236' );
insert into users (
   id,
   name,
   email,
   phone,
   dob,
   gender,
   address
) values ( 14,
           'Aaron Cuevas',
           'rmarshall@example.net',
           '3749640034',
           '1946-07-05',
           'male',
           '17398 Carrillo Spring, West Rachelmouth, IL 89480' );
insert into users (
   id,
   name,
   email,
   phone,
   dob,
   gender,
   address
) values ( 15,
           'David Mcbride',
           'adrian52@example.org',
           '2056529230',
           '1953-03-16',
           'male',
           '89910 Marcus Plain, Claytonfort, MP 24906' );
insert into users (
   id,
   name,
   email,
   phone,
   dob,
   gender,
   address
) values ( 16,
           'Derek Scott',
           'ramirezamanda@example.com',
           '6309143094',
           '1986-12-20',
           'non-binary',
           '324 Knight Drive Suite 863, Josephchester, AZ 01347' );
insert into users (
   id,
   name,
   email,
   phone,
   dob,
   gender,
   address
) values ( 17,
           'Kristina Ballard',
           'andrewwatkins@example.org',
           '4617635976',
           '1990-06-28',
           'non-binary',
           '78280 Thomas Shoals, Joseland, AZ 00541' );
insert into users (
   id,
   name,
   email,
   phone,
   dob,
   gender,
   address
) values ( 18,
           'Christine Hill',
           'jmiller@example.org',
           '5184792485',
           '1999-02-06',
           'non-binary',
           '6052 Bell Rest Suite 384, East Paula, MI 63999' );
insert into users (
   id,
   name,
   email,
   phone,
   dob,
   gender,
   address
) values ( 19,
           'David Gonzales',
           'abbottjacob@example.com',
           '0682506557',
           '1987-04-22',
           'male',
           '7153 Reyes Club Apt. 453, Turnertown, NH 61325' );
insert into users (
   id,
   name,
   email,
   phone,
   dob,
   gender,
   address
) values ( 20,
           'Matthew Jensen',
           'laurabaker@example.com',
           '8492904697',
           '1988-09-18',
           'male',
           '387 Martinez Circle Suite 821, Smithfurt, OK 55134' );
insert into users (
   id,
   name,
   email,
   phone,
   dob,
   gender,
   address
) values ( 21,
           'Alexander Berg',
           'victor47@example.net',
           '4588554309',
           '1983-08-03',
           'non-binary',
           '34416 Gray Freeway Suite 576, North William, AR 23629' );
insert into users (
   id,
   name,
   email,
   phone,
   dob,
   gender,
   address
) values ( 22,
           'Nathan Baxter',
           'michaelbradley@example.org',
           '5806552188',
           '1965-04-27',
           'non-binary',
           '8393 Griffin Cliff, Charleschester, MH 20678' );
insert into users (
   id,
   name,
   email,
   phone,
   dob,
   gender,
   address
) values ( 23,
           'Benjamin Mckinney',
           'heidi19@example.net',
           '3301763743',
           '1966-05-08',
           'male',
           '12419 Fuller Hollow Suite 202, New Garrett, ME 82576' );
insert into users (
   id,
   name,
   email,
   phone,
   dob,
   gender,
   address
) values ( 24,
           'Kathy Harrison',
           'kprice@example.com',
           '7049242842',
           '1972-06-17',
           'non-binary',
           '74721 Jenkins Street Apt. 539, Fritzland, ID 94077' );
insert into users (
   id,
   name,
   email,
   phone,
   dob,
   gender,
   address
) values ( 25,
           'Amy Fields',
           'powersmonica@example.org',
           '3107630606',
           '1949-07-28',
           'female',
           '8518 Padilla Ramp Suite 049, Mooreville, VA 84663' );
insert into users (
   id,
   name,
   email,
   phone,
   dob,
   gender,
   address
) values ( 26,
           'Thomas Russo',
           'david19@example.net',
           '0147070366',
           '1989-01-30',
           'non-binary',
           '2227 James Forges, South Jefferychester, AS 64042' );
insert into users (
   id,
   name,
   email,
   phone,
   dob,
   gender,
   address
) values ( 27,
           'Jamie Shelton',
           'turnerbrett@example.com',
           '4913170678',
           '1961-08-26',
           'male',
           '048 Lopez Trail, Krystalton, IN 88164' );
insert into users (
   id,
   name,
   email,
   phone,
   dob,
   gender,
   address
) values ( 28,
           'Bryan Casey',
           'ncantu@example.net',
           '4597575462',
           '1964-08-29',
           'male',
           '740 Kristen Summit, South Johnchester, AK 55770' );
insert into users (
   id,
   name,
   email,
   phone,
   dob,
   gender,
   address
) values ( 29,
           'Mary Jefferson',
           'vbailey@example.org',
           '0782480968',
           '1952-04-02',
           'non-binary',
           '070 Hicks Brook Suite 544, Port Eric, NC 86321' );
insert into users (
   id,
   name,
   email,
   phone,
   dob,
   gender,
   address
) values ( 30,
           'Miguel Barnes',
           'denisejackson@example.org',
           '0142967899',
           '1982-11-16',
           'female',
           '2426 Chandler Causeway Suite 353, South Oliviaton, MI 48608' );
insert into users (
   id,
   name,
   email,
   phone,
   dob,
   gender,
   address
) values ( 31,
           'Linda Mays',
           'rmerritt@example.org',
           '7982151403',
           '2004-10-14',
           'non-binary',
           '921 Cook Mountains Apt. 736, South Nicole, KS 64008' );
insert into users (
   id,
   name,
   email,
   phone,
   dob,
   gender,
   address
) values ( 32,
           'Angel Reyes',
           'chansen@example.org',
           '9422601328',
           '1963-05-22',
           'male',
           '895 Diana Mills, Williamfurt, MO 04488' );
insert into users (
   id,
   name,
   email,
   phone,
   dob,
   gender,
   address
) values ( 33,
           'Thomas Barnett',
           'scott16@example.org',
           '4229058405',
           '1948-08-18',
           'female',
           '55046 Larson Street Suite 462, West Keith, KS 36871' );
insert into users (
   id,
   name,
   email,
   phone,
   dob,
   gender,
   address
) values ( 34,
           'Mark Harris',
           'christina17@example.com',
           '3450998724',
           '1972-01-24',
           'non-binary',
           'PSC 8884, Box 2784, APO AA 63654' );
insert into users (
   id,
   name,
   email,
   phone,
   dob,
   gender,
   address
) values ( 35,
           'Michael King',
           'obradley@example.com',
           '6627655593',
           '2003-07-23',
           'female',
           'PSC 8607, Box 5103, APO AP 35105' );
insert into users (
   id,
   name,
   email,
   phone,
   dob,
   gender,
   address
) values ( 36,
           'Michelle Russell',
           'brandy49@example.org',
           '6970716643',
           '1974-12-28',
           'non-binary',
           '12383 Smith Square Suite 110, Lake Rodneymouth, NY 15976' );
insert into users (
   id,
   name,
   email,
   phone,
   dob,
   gender,
   address
) values ( 37,
           'Dominic Shaffer',
           'tina80@example.com',
           '9882614877',
           '1948-10-10',
           'female',
           '3641 John Coves Suite 683, West Felicia, NE 62329' );
insert into users (
   id,
   name,
   email,
   phone,
   dob,
   gender,
   address
) values ( 38,
           'Christopher Clayton',
           'kevinsanchez@example.org',
           '6933133555',
           '1951-05-09',
           'non-binary',
           '63303 Stacey Common Apt. 082, Bentonhaven, PW 51160' );
insert into users (
   id,
   name,
   email,
   phone,
   dob,
   gender,
   address
) values ( 39,
           'Elizabeth Carlson',
           'daviddavis@example.net',
           '1875570143',
           '1945-09-07',
           'non-binary',
           '897 Shelby Ferry Suite 478, Normanland, WA 88237' );
insert into users (
   id,
   name,
   email,
   phone,
   dob,
   gender,
   address
) values ( 40,
           'John Garner',
           'owatson@example.net',
           '8456511567',
           '1958-11-19',
           'male',
           '42939 Alexandria Pine Apt. 989, West Jonathan, CO 25123' );
insert into users (
   id,
   name,
   email,
   phone,
   dob,
   gender,
   address
) values ( 41,
           'Aaron Haley',
           'ibarraedward@example.com',
           '5130372620',
           '1989-07-31',
           'female',
           '3263 Brittany Wall, Aliciaport, PR 13615' );
insert into users (
   id,
   name,
   email,
   phone,
   dob,
   gender,
   address
) values ( 42,
           'Brian Howard',
           'bcook@example.org',
           '0752699110',
           '1955-11-25',
           'female',
           '872 Campbell Branch, Port Pamelaville, FL 72302' );
insert into users (
   id,
   name,
   email,
   phone,
   dob,
   gender,
   address
) values ( 43,
           'Robert Daniels',
           'powellronald@example.com',
           '8391751856',
           '1948-12-17',
           'male',
           '19243 Miller Spurs, North Aliciashire, MA 16750' );
insert into users (
   id,
   name,
   email,
   phone,
   dob,
   gender,
   address
) values ( 44,
           'Todd Smith',
           'fosterstacy@example.net',
           '2534389705',
           '1956-06-26',
           'male',
           '88239 Deborah Cliffs, North Richard, WY 91390' );
insert into users (
   id,
   name,
   email,
   phone,
   dob,
   gender,
   address
) values ( 45,
           'Linda Hammond',
           'dbrown@example.com',
           '9829958760',
           '1972-06-12',
           'female',
           '19268 Roberts Causeway, Lake Matthewmouth, NM 92973' );
insert into users (
   id,
   name,
   email,
   phone,
   dob,
   gender,
   address
) values ( 46,
           'Kevin Howell',
           'davidharris@example.net',
           '3082050829',
           '1990-01-10',
           'male',
           '135 Melissa Cliffs Suite 199, Brianborough, FL 47845' );
insert into users (
   id,
   name,
   email,
   phone,
   dob,
   gender,
   address
) values ( 47,
           'Dr. Thomas Hanna',
           'barkershaun@example.org',
           '9303687928',
           '1983-08-13',
           'non-binary',
           '31732 Rodriguez Islands Suite 186, Hortonfort, AL 69894' );
insert into users (
   id,
   name,
   email,
   phone,
   dob,
   gender,
   address
) values ( 48,
           'Kari Garcia',
           'lcarter@example.net',
           '8979456890',
           '1987-02-21',
           'non-binary',
           '75252 Anderson Isle, Lake Ericfurt, GU 43884' );
insert into users (
   id,
   name,
   email,
   phone,
   dob,
   gender,
   address
) values ( 49,
           'Jessica Ellis',
           'wstevens@example.org',
           '4882980858',
           '1977-02-19',
           'male',
           '82627 Smith Extension, East Julie, KY 06447' );
insert into users (
   id,
   name,
   email,
   phone,
   dob,
   gender,
   address
) values ( 50,
           'Cameron Chen',
           'kblackburn@example.com',
           '5341296162',
           '1970-04-24',
           'male',
           '2567 Campbell Mill Apt. 244, West Gavin, IN 81972' );
insert into users (
   id,
   name,
   email,
   phone,
   dob,
   gender,
   address
) values ( 51,
           'Ryan Perez',
           'william52@example.org',
           '0671321641',
           '1992-02-06',
           'female',
           '8982 Sarah Camp Suite 880, South Melissaland, SD 68559' );
insert into users (
   id,
   name,
   email,
   phone,
   dob,
   gender,
   address
) values ( 52,
           'Tracy Sullivan',
           'andersonseth@example.net',
           '8917205873',
           '1993-01-05',
           'female',
           '088 Allen Ford, South Brandon, KY 10751' );
insert into users (
   id,
   name,
   email,
   phone,
   dob,
   gender,
   address
) values ( 53,
           'Mrs. Lauren Avery DVM',
           'dennis96@example.org',
           '6522454943',
           '1995-03-21',
           'non-binary',
           '65917 Martha Ways, Hannahfurt, FM 00816' );
insert into users (
   id,
   name,
   email,
   phone,
   dob,
   gender,
   address
) values ( 54,
           'Sandra Perry',
           'kelsey06@example.org',
           '8516958841',
           '1957-11-11',
           'male',
           '1488 Smith Villages Suite 677, Cassandrahaven, AZ 49868' );
insert into users (
   id,
   name,
   email,
   phone,
   dob,
   gender,
   address
) values ( 55,
           'John Lang',
           'gavila@example.org',
           '2270428327',
           '1974-03-23',
           'male',
           '04484 Gregory Creek, Marychester, MT 20059' );
insert into users (
   id,
   name,
   email,
   phone,
   dob,
   gender,
   address
) values ( 56,
           'Michael Wyatt',
           'brenthowe@example.com',
           '8383125831',
           '2003-06-03',
           'female',
           '71379 Thomas Center Apt. 861, Lake Alicia, TN 79898' );
insert into users (
   id,
   name,
   email,
   phone,
   dob,
   gender,
   address
) values ( 57,
           'Jordan Franco',
           'davidrodriguez@example.org',
           '2984400054',
           '1975-09-03',
           'male',
           '564 Smith Plains, West Deborah, MI 50389' );
insert into users (
   id,
   name,
   email,
   phone,
   dob,
   gender,
   address
) values ( 58,
           'Rhonda Franco',
           'jessica59@example.org',
           '5426673313',
           '2006-05-12',
           'female',
           '87293 Byrd Court, Ramirezview, MH 24117' );
insert into users (
   id,
   name,
   email,
   phone,
   dob,
   gender,
   address
) values ( 59,
           'Traci Khan MD',
           'simsdenise@example.com',
           '7618387474',
           '1965-10-13',
           'non-binary',
           '5767 Johnson Points, North John, PA 14212' );
insert into users (
   id,
   name,
   email,
   phone,
   dob,
   gender,
   address
) values ( 60,
           'Rhonda Arnold',
           'williamroberts@example.org',
           '3413137999',
           '2002-01-27',
           'non-binary',
           '1625 Laurie Islands, Kristinefort, MS 57719' );
insert into users (
   id,
   name,
   email,
   phone,
   dob,
   gender,
   address
) values ( 61,
           'Jason Martin',
           'justin48@example.com',
           '8975033220',
           '1960-02-02',
           'male',
           '230 Dennis Landing Apt. 336, Lake Jonathanburgh, AK 87117' );
insert into users (
   id,
   name,
   email,
   phone,
   dob,
   gender,
   address
) values ( 62,
           'Todd Sherman',
           'ryan52@example.net',
           '5495483119',
           '1955-11-20',
           'male',
           '97948 David Mount, New Carriefurt, TN 53340' );
insert into users (
   id,
   name,
   email,
   phone,
   dob,
   gender,
   address
) values ( 63,
           'Garrett Rodriguez',
           'catherine64@example.org',
           '2883438711',
           '1964-01-29',
           'non-binary',
           '71529 Audrey Drives Apt. 627, Martinstad, MH 65974' );
insert into users (
   id,
   name,
   email,
   phone,
   dob,
   gender,
   address
) values ( 64,
           'Amber Marshall',
           'plee@example.org',
           '8185328845',
           '1957-03-08',
           'female',
           '33801 Dixon Square, Sanchezville, DC 85196' );
insert into users (
   id,
   name,
   email,
   phone,
   dob,
   gender,
   address
) values ( 65,
           'Charles Archer',
           'ashleydaugherty@example.org',
           '4845818301',
           '1975-11-19',
           'male',
           '6277 Kimberly Keys, South Frank, PR 72086' );
insert into users (
   id,
   name,
   email,
   phone,
   dob,
   gender,
   address
) values ( 66,
           'Rachel Benson',
           'grantdaugherty@example.net',
           '7602139480',
           '1980-12-08',
           'female',
           '448 Anthony Mills, Lake Alexandria, AZ 28320' );
insert into users (
   id,
   name,
   email,
   phone,
   dob,
   gender,
   address
) values ( 67,
           'Tammy Campbell',
           'rasmussenelizabeth@example.org',
           '4506559409',
           '1963-07-09',
           'male',
           '1339 Gary Lock Apt. 713, New Yolanda, WA 83697' );
insert into users (
   id,
   name,
   email,
   phone,
   dob,
   gender,
   address
) values ( 68,
           'Craig Davis',
           'mwilson@example.org',
           '5617743112',
           '1949-04-30',
           'female',
           '057 Moore Summit, Port Hannah, NM 59401' );
insert into users (
   id,
   name,
   email,
   phone,
   dob,
   gender,
   address
) values ( 69,
           'Ian Grimes',
           'ecraig@example.org',
           '2082451854',
           '1985-03-13',
           'male',
           '62737 Kevin Manor, North Cassidyhaven, MD 77456' );
insert into users (
   id,
   name,
   email,
   phone,
   dob,
   gender,
   address
) values ( 70,
           'Michelle Martin',
           'nicholascarpenter@example.net',
           '6873099358',
           '1983-10-06',
           'female',
           '006 William Ranch, Sonyaville, MT 32375' );
insert into users (
   id,
   name,
   email,
   phone,
   dob,
   gender,
   address
) values ( 71,
           'Brandon Willis',
           'thill@example.net',
           '1046973561',
           '1945-09-09',
           'non-binary',
           '684 Jessica Alley, West Adam, MD 72858' );
insert into users (
   id,
   name,
   email,
   phone,
   dob,
   gender,
   address
) values ( 72,
           'Ashley Kelly',
           'slopez@example.org',
           '0985736519',
           '2001-08-07',
           'male',
           '2532 Jenna Manors Suite 904, South Mary, MA 84402' );
insert into users (
   id,
   name,
   email,
   phone,
   dob,
   gender,
   address
) values ( 73,
           'Andrew Forbes',
           'barbarahartman@example.org',
           '8786454609',
           '1971-01-26',
           'non-binary',
           '70991 Hayley Throughway, Baxterfurt, NE 54143' );
insert into users (
   id,
   name,
   email,
   phone,
   dob,
   gender,
   address
) values ( 74,
           'Jason Walker',
           'ujacobs@example.com',
           '7040169377',
           '1954-10-28',
           'male',
           '39361 Kevin Crescent, Jaredport, RI 83941' );
insert into users (
   id,
   name,
   email,
   phone,
   dob,
   gender,
   address
) values ( 75,
           'Adriana Cain',
           'eellis@example.net',
           '5113593833',
           '1981-11-18',
           'male',
           '6107 Lee Creek, East Anthonyton, NM 96407' );
insert into users (
   id,
   name,
   email,
   phone,
   dob,
   gender,
   address
) values ( 76,
           'Jennifer Wilson',
           'ernest42@example.net',
           '0038361055',
           '1976-02-01',
           'male',
           '11411 Barnes Trafficway, West Soniastad, VA 65942' );
insert into users (
   id,
   name,
   email,
   phone,
   dob,
   gender,
   address
) values ( 77,
           'Beth Montes',
           'jason54@example.net',
           '2928324403',
           '1965-05-17',
           'male',
           '43575 Wesley Forest Suite 073, Silvastad, PW 48915' );
insert into users (
   id,
   name,
   email,
   phone,
   dob,
   gender,
   address
) values ( 78,
           'Elizabeth White',
           'ppollard@example.org',
           '2337017067',
           '1966-09-01',
           'male',
           '798 Casey Island Suite 157, West Amandaborough, SD 91233' );
insert into users (
   id,
   name,
   email,
   phone,
   dob,
   gender,
   address
) values ( 79,
           'Amanda Williams',
           'sydney15@example.com',
           '9036942464',
           '1964-05-11',
           'male',
           '91942 Ashley Garden Suite 760, North Kelseyshire, MD 35755' );
insert into users (
   id,
   name,
   email,
   phone,
   dob,
   gender,
   address
) values ( 80,
           'John Henderson',
           'michaeljackson@example.net',
           '7107446381',
           '1999-07-05',
           'non-binary',
           '2290 Benitez Square Apt. 737, New Kyleview, IA 69337' );
insert into users (
   id,
   name,
   email,
   phone,
   dob,
   gender,
   address
) values ( 81,
           'Bradley Olson',
           'sturner@example.org',
           '9619306888',
           '1994-02-06',
           'non-binary',
           '953 Darryl Freeway Apt. 723, Matthewside, WV 23710' );
insert into users (
   id,
   name,
   email,
   phone,
   dob,
   gender,
   address
) values ( 82,
           'Donald Scott',
           'xwarner@example.net',
           '0823979914',
           '1994-12-05',
           'male',
           '9401 Hall Ports, South Dustin, SD 06064' );
insert into users (
   id,
   name,
   email,
   phone,
   dob,
   gender,
   address
) values ( 83,
           'Wesley Fischer',
           'samantha32@example.org',
           '5750576611',
           '1958-09-13',
           'female',
           '4744 Lara Trace Apt. 707, West Robertville, OK 00812' );
insert into users (
   id,
   name,
   email,
   phone,
   dob,
   gender,
   address
) values ( 84,
           'Todd Price',
           'mallorysmith@example.org',
           '7452272433',
           '1988-12-11',
           'female',
           '483 Banks Shore Suite 226, Kevinchester, AK 80219' );
insert into users (
   id,
   name,
   email,
   phone,
   dob,
   gender,
   address
) values ( 85,
           'Carla White',
           'samuel71@example.org',
           '3859207821',
           '1945-09-07',
           'male',
           '84824 Choi Prairie Suite 717, Alisonhaven, WV 89321' );
insert into users (
   id,
   name,
   email,
   phone,
   dob,
   gender,
   address
) values ( 86,
           'Kimberly Rodriguez',
           'stanley99@example.com',
           '5491974544',
           '1965-03-29',
           'non-binary',
           '84628 Teresa Fields, Brentborough, NV 19565' );
insert into users (
   id,
   name,
   email,
   phone,
   dob,
   gender,
   address
) values ( 87,
           'Katherine Fuentes',
           'samueltaylor@example.com',
           '6394656034',
           '1980-08-22',
           'male',
           '9144 Amber Crest Apt. 738, Mercerhaven, IL 29829' );
insert into users (
   id,
   name,
   email,
   phone,
   dob,
   gender,
   address
) values ( 88,
           'Darren Taylor',
           'russellcynthia@example.org',
           '5537279131',
           '1984-03-31',
           'male',
           '37904 Hancock Roads Suite 050, North Edwardtown, CA 70679' );
insert into users (
   id,
   name,
   email,
   phone,
   dob,
   gender,
   address
) values ( 89,
           'Eric Simmons',
           'mitchellmonica@example.org',
           '6638145489',
           '1965-07-22',
           'male',
           '03982 Steven Grove, East Margaretville, PW 75326' );
insert into users (
   id,
   name,
   email,
   phone,
   dob,
   gender,
   address
) values ( 90,
           'Teresa Patterson',
           'andrewbyrd@example.com',
           '8498160599',
           '1958-06-26',
           'non-binary',
           '864 Shelby Port, West Tammymouth, KY 28043' );
insert into users (
   id,
   name,
   email,
   phone,
   dob,
   gender,
   address
) values ( 91,
           'Daniel Santiago',
           'nicholassuarez@example.net',
           '8767515632',
           '1954-11-28',
           'female',
           'USS Collier, FPO AE 79530' );
insert into users (
   id,
   name,
   email,
   phone,
   dob,
   gender,
   address
) values ( 92,
           'Steven Brown',
           'greenesean@example.com',
           '8747774098',
           '1953-04-14',
           'male',
           'PSC 2823, Box 2541, APO AE 65540' );
insert into users (
   id,
   name,
   email,
   phone,
   dob,
   gender,
   address
) values ( 93,
           'Judith Harrell',
           'rothchristopher@example.com',
           '1749690863',
           '1959-03-23',
           'female',
           '6222 Conner Haven Suite 163, North Emily, GU 23134' );
insert into users (
   id,
   name,
   email,
   phone,
   dob,
   gender,
   address
) values ( 94,
           'Valerie Nguyen',
           'princesteven@example.net',
           '7505586880',
           '1998-12-26',
           'male',
           '428 Jessica Spurs Suite 156, Philipborough, GU 69382' );
insert into users (
   id,
   name,
   email,
   phone,
   dob,
   gender,
   address
) values ( 95,
           'Christopher Jackson',
           'mhicks@example.org',
           '3471377490',
           '1996-10-10',
           'female',
           '6840 Brittany Pine, West Jesse, MN 38650' );
insert into users (
   id,
   name,
   email,
   phone,
   dob,
   gender,
   address
) values ( 96,
           'Nicole Bentley',
           'wadetony@example.net',
           '9115929818',
           '1982-03-27',
           'female',
           '52622 Kim Oval Suite 429, South Bethanyville, FL 21604' );
insert into users (
   id,
   name,
   email,
   phone,
   dob,
   gender,
   address
) values ( 97,
           'Joseph Hickman',
           'bobby24@example.org',
           '4019016947',
           '1958-08-22',
           'non-binary',
           '21279 Brian Corner Apt. 794, East Danielletown, MS 10055' );
insert into users (
   id,
   name,
   email,
   phone,
   dob,
   gender,
   address
) values ( 98,
           'Angela Gibbs',
           'craig87@example.com',
           '8614264379',
           '1950-05-23',
           'male',
           '2122 Christopher Extension, Hineschester, AL 94580' );
insert into users (
   id,
   name,
   email,
   phone,
   dob,
   gender,
   address
) values ( 99,
           'Charles Roach',
           'anna49@example.com',
           '7017119254',
           '1963-12-04',
           'male',
           'Unit 2920 Box 0000, DPO AA 53058' );
insert into users (
   id,
   name,
   email,
   phone,
   dob,
   gender,
   address
) values ( 100,
           'Justin Thompson',
           'fishermichelle@example.net',
           '0366854454',
           '2006-02-04',
           'male',
           '357 Norris Key, Colemanbury, VT 14104' );
insert into employees (
   id,
   userid,
   employeeid,
   pan,
   bankaccount
) values ( 1,
           1,
           'EMP503909',
           'WvBeo5738l',
           'INVF58558198291940' );
insert into employees (
   id,
   userid,
   employeeid,
   pan,
   bankaccount
) values ( 2,
           2,
           'EMP568057',
           'xyydb9897X',
           'OUJM67807210388044' );
insert into employees (
   id,
   userid,
   employeeid,
   pan,
   bankaccount
) values ( 3,
           3,
           'EMP958614',
           'GIhka2779B',
           'WGYY41814472010784' );
insert into employees (
   id,
   userid,
   employeeid,
   pan,
   bankaccount
) values ( 4,
           4,
           'EMP628516',
           'eogpe8815a',
           'ZCXP02581969695342' );
insert into employees (
   id,
   userid,
   employeeid,
   pan,
   bankaccount
) values ( 5,
           5,
           'EMP47654',
           'eemdp5061R',
           'CKTS94783032924831' );
insert into employees (
   id,
   userid,
   employeeid,
   pan,
   bankaccount
) values ( 6,
           6,
           'EMP422758',
           'IfILM8926x',
           'ZFFX19260273704151' );
insert into employees (
   id,
   userid,
   employeeid,
   pan,
   bankaccount
) values ( 7,
           7,
           'EMP929392',
           'jfcbN7058i',
           'ZSTP36689069054412' );
insert into employees (
   id,
   userid,
   employeeid,
   pan,
   bankaccount
) values ( 8,
           8,
           'EMP709751',
           'leiYm4003K',
           'NRWP52180700583102' );
insert into employees (
   id,
   userid,
   employeeid,
   pan,
   bankaccount
) values ( 9,
           9,
           'EMP43306',
           'ZyKaW3628O',
           'WLHU66659346942724' );
insert into employees (
   id,
   userid,
   employeeid,
   pan,
   bankaccount
) values ( 10,
           10,
           'EMP874684',
           'LNhaP9314f',
           'NKSP93936334853825' );
insert into employees (
   id,
   userid,
   employeeid,
   pan,
   bankaccount
) values ( 11,
           11,
           'EMP333385',
           'uodyT4074r',
           'DCRG70429507844995' );
insert into employees (
   id,
   userid,
   employeeid,
   pan,
   bankaccount
) values ( 12,
           12,
           'EMP341260',
           'HoAmG3645X',
           'IYZD48389343969079' );
insert into employees (
   id,
   userid,
   employeeid,
   pan,
   bankaccount
) values ( 13,
           13,
           'EMP862089',
           'SazQV5328z',
           'LBPM53691187071108' );
insert into employees (
   id,
   userid,
   employeeid,
   pan,
   bankaccount
) values ( 14,
           14,
           'EMP81074',
           'jJZub8130S',
           'SOBL96565753988757' );
insert into employees (
   id,
   userid,
   employeeid,
   pan,
   bankaccount
) values ( 15,
           15,
           'EMP12430',
           'DqWUS9124i',
           'TJEW77767999305287' );
insert into employees (
   id,
   userid,
   employeeid,
   pan,
   bankaccount
) values ( 16,
           16,
           'EMP831544',
           'Kbouf1060s',
           'FJKH30511866600738' );
insert into employees (
   id,
   userid,
   employeeid,
   pan,
   bankaccount
) values ( 17,
           17,
           'EMP794580',
           'OaCNQ9769z',
           'QRWG06869267530141' );
insert into employees (
   id,
   userid,
   employeeid,
   pan,
   bankaccount
) values ( 18,
           18,
           'EMP627977',
           'AAESI7691c',
           'ADZJ18377973574446' );
insert into employees (
   id,
   userid,
   employeeid,
   pan,
   bankaccount
) values ( 19,
           19,
           'EMP227382',
           'RbGAy2694f',
           'NDJO00908314954778' );
insert into employees (
   id,
   userid,
   employeeid,
   pan,
   bankaccount
) values ( 20,
           20,
           'EMP928690',
           'NmXeC5652E',
           'IJTF89720422172768' );
insert into employees (
   id,
   userid,
   employeeid,
   pan,
   bankaccount
) values ( 21,
           21,
           'EMP837216',
           'bmMVo0320P',
           'TIDK00879374695944' );
insert into employees (
   id,
   userid,
   employeeid,
   pan,
   bankaccount
) values ( 22,
           22,
           'EMP506595',
           'MgDKV3338K',
           'TSVH80719241880806' );
insert into employees (
   id,
   userid,
   employeeid,
   pan,
   bankaccount
) values ( 23,
           23,
           'EMP621779',
           'dppbP2324n',
           'RGST98832044845110' );
insert into employees (
   id,
   userid,
   employeeid,
   pan,
   bankaccount
) values ( 24,
           24,
           'EMP816836',
           'TjLUo1422Y',
           'UVSR85759852450224' );
insert into employees (
   id,
   userid,
   employeeid,
   pan,
   bankaccount
) values ( 25,
           25,
           'EMP742377',
           'YwhSW7663t',
           'QZWQ81210794477291' );
insert into employees (
   id,
   userid,
   employeeid,
   pan,
   bankaccount
) values ( 26,
           26,
           'EMP136663',
           'vkfRz2545A',
           'IVDX02649458281291' );
insert into employees (
   id,
   userid,
   employeeid,
   pan,
   bankaccount
) values ( 27,
           27,
           'EMP98547',
           'gwrKQ5916v',
           'ANTG64178748840634' );
insert into employees (
   id,
   userid,
   employeeid,
   pan,
   bankaccount
) values ( 28,
           28,
           'EMP433375',
           'fPpch6780b',
           'BTDF96986680857500' );
insert into employees (
   id,
   userid,
   employeeid,
   pan,
   bankaccount
) values ( 29,
           29,
           'EMP802759',
           'TEAbc8764I',
           'HZIH05830853403810' );
insert into employees (
   id,
   userid,
   employeeid,
   pan,
   bankaccount
) values ( 30,
           30,
           'EMP185776',
           'mvCAr3083Y',
           'QQMC39054587369736' );
insert into employees (
   id,
   userid,
   employeeid,
   pan,
   bankaccount
) values ( 31,
           31,
           'EMP594265',
           'WhjoH1258h',
           'YGTG03269044867618' );
insert into employees (
   id,
   userid,
   employeeid,
   pan,
   bankaccount
) values ( 32,
           32,
           'EMP535248',
           'xvIXa1592o',
           'IYUF98605870553992' );
insert into employees (
   id,
   userid,
   employeeid,
   pan,
   bankaccount
) values ( 33,
           33,
           'EMP173162',
           'OKvKN2861J',
           'EXTB98898556576551' );
insert into employees (
   id,
   userid,
   employeeid,
   pan,
   bankaccount
) values ( 34,
           34,
           'EMP789204',
           'MZIGN5572x',
           'YCPH94201378878084' );
insert into employees (
   id,
   userid,
   employeeid,
   pan,
   bankaccount
) values ( 35,
           35,
           'EMP717686',
           'tzYCH1176s',
           'YJJS06281708036366' );
insert into employees (
   id,
   userid,
   employeeid,
   pan,
   bankaccount
) values ( 36,
           36,
           'EMP607044',
           'tgUBb0904H',
           'XIPQ18815930916696' );
insert into employees (
   id,
   userid,
   employeeid,
   pan,
   bankaccount
) values ( 37,
           37,
           'EMP253361',
           'xApDz2770c',
           'XHJL10516848451698' );
insert into employees (
   id,
   userid,
   employeeid,
   pan,
   bankaccount
) values ( 38,
           38,
           'EMP572896',
           'qRxSh1802o',
           'VWLX94541218236124' );
insert into employees (
   id,
   userid,
   employeeid,
   pan,
   bankaccount
) values ( 39,
           39,
           'EMP453670',
           'prDza5170f',
           'XMWC57940343093151' );
insert into employees (
   id,
   userid,
   employeeid,
   pan,
   bankaccount
) values ( 40,
           40,
           'EMP756830',
           'fXuxV8696U',
           'MYMR52923741093790' );
insert into employees (
   id,
   userid,
   employeeid,
   pan,
   bankaccount
) values ( 41,
           41,
           'EMP982838',
           'Vbnbn6158m',
           'BLFJ10458845638917' );
insert into employees (
   id,
   userid,
   employeeid,
   pan,
   bankaccount
) values ( 42,
           42,
           'EMP512361',
           'gJLMF9851s',
           'WJUW96820025475675' );
insert into employees (
   id,
   userid,
   employeeid,
   pan,
   bankaccount
) values ( 43,
           43,
           'EMP582649',
           'YMCOE1932V',
           'XMIT47375728702765' );
insert into employees (
   id,
   userid,
   employeeid,
   pan,
   bankaccount
) values ( 44,
           44,
           'EMP391860',
           'ZSPlN9695s',
           'XOOW37211827404694' );
insert into employees (
   id,
   userid,
   employeeid,
   pan,
   bankaccount
) values ( 45,
           45,
           'EMP712911',
           'KfaGw6623m',
           'IEUF85707622799989' );
insert into employees (
   id,
   userid,
   employeeid,
   pan,
   bankaccount
) values ( 46,
           46,
           'EMP150175',
           'htSCN9864Z',
           'XCYR60877462256488' );
insert into employees (
   id,
   userid,
   employeeid,
   pan,
   bankaccount
) values ( 47,
           47,
           'EMP912979',
           'VaDbg5154t',
           'GSPM37767731185579' );
insert into employees (
   id,
   userid,
   employeeid,
   pan,
   bankaccount
) values ( 48,
           48,
           'EMP129833',
           'KHrIW7381r',
           'XYKX47640850714160' );
insert into employees (
   id,
   userid,
   employeeid,
   pan,
   bankaccount
) values ( 49,
           49,
           'EMP353944',
           'Uragz3559f',
           'YZJH38566276412895' );
insert into employees (
   id,
   userid,
   employeeid,
   pan,
   bankaccount
) values ( 50,
           50,
           'EMP486734',
           'aLTLY7763E',
           'TFUB23845067643658' );
insert into employees (
   id,
   userid,
   employeeid,
   pan,
   bankaccount
) values ( 51,
           51,
           'EMP278093',
           'PkWpa2112g',
           'SJGL59416962247651' );
insert into employees (
   id,
   userid,
   employeeid,
   pan,
   bankaccount
) values ( 52,
           52,
           'EMP284047',
           'JSYDZ6221C',
           'VSXY20269547884442' );
insert into employees (
   id,
   userid,
   employeeid,
   pan,
   bankaccount
) values ( 53,
           53,
           'EMP126819',
           'TCHbs1425X',
           'AOTH11349688159307' );
insert into employees (
   id,
   userid,
   employeeid,
   pan,
   bankaccount
) values ( 54,
           54,
           'EMP161723',
           'hELwb7131j',
           'DRYX66062558019378' );
insert into employees (
   id,
   userid,
   employeeid,
   pan,
   bankaccount
) values ( 55,
           55,
           'EMP859205',
           'LUlyE1721Y',
           'ZYAW96081441987351' );
insert into employees (
   id,
   userid,
   employeeid,
   pan,
   bankaccount
) values ( 56,
           56,
           'EMP892129',
           'jYgxc5893t',
           'VGRI10038515729684' );
insert into employees (
   id,
   userid,
   employeeid,
   pan,
   bankaccount
) values ( 57,
           57,
           'EMP626986',
           'iLvbA9413c',
           'LJLG34449232034821' );
insert into employees (
   id,
   userid,
   employeeid,
   pan,
   bankaccount
) values ( 58,
           58,
           'EMP65250',
           'yLOPh3503n',
           'VSYT37517130170119' );
insert into employees (
   id,
   userid,
   employeeid,
   pan,
   bankaccount
) values ( 59,
           59,
           'EMP651545',
           'Bjohb2451m',
           'IRWH03014950933824' );
insert into employees (
   id,
   userid,
   employeeid,
   pan,
   bankaccount
) values ( 60,
           60,
           'EMP454049',
           'GcLWr1880Z',
           'HANB60307631555570' );
insert into employees (
   id,
   userid,
   employeeid,
   pan,
   bankaccount
) values ( 61,
           61,
           'EMP183656',
           'IPiVU8076T',
           'QJMS31496930909488' );
insert into employees (
   id,
   userid,
   employeeid,
   pan,
   bankaccount
) values ( 62,
           62,
           'EMP597591',
           'XiCOZ5136f',
           'PBLU39322057536841' );
insert into employees (
   id,
   userid,
   employeeid,
   pan,
   bankaccount
) values ( 63,
           63,
           'EMP48441',
           'oXjyJ5526k',
           'BQWI07879492849373' );
insert into employees (
   id,
   userid,
   employeeid,
   pan,
   bankaccount
) values ( 64,
           64,
           'EMP924781',
           'VpFfI3571A',
           'TYGT73224641341887' );
insert into employees (
   id,
   userid,
   employeeid,
   pan,
   bankaccount
) values ( 65,
           65,
           'EMP638333',
           'XimRK2469D',
           'PWJB41568802517370' );
insert into employees (
   id,
   userid,
   employeeid,
   pan,
   bankaccount
) values ( 66,
           66,
           'EMP516254',
           'LPuav2065i',
           'YYCW36371787815035' );
insert into employees (
   id,
   userid,
   employeeid,
   pan,
   bankaccount
) values ( 67,
           67,
           'EMP645054',
           'obMhr5200j',
           'CEES76985306509272' );
insert into employees (
   id,
   userid,
   employeeid,
   pan,
   bankaccount
) values ( 68,
           68,
           'EMP674045',
           'tvDaX5365e',
           'SLDX42551531071934' );
insert into employees (
   id,
   userid,
   employeeid,
   pan,
   bankaccount
) values ( 69,
           69,
           'EMP492289',
           'EHXPZ1528E',
           'MQIW21025877569480' );
insert into employees (
   id,
   userid,
   employeeid,
   pan,
   bankaccount
) values ( 70,
           70,
           'EMP978618',
           'Xokpo8942j',
           'UXJM52814732198967' );
insert into employees (
   id,
   userid,
   employeeid,
   pan,
   bankaccount
) values ( 71,
           71,
           'EMP296561',
           'KWbGp5448j',
           'LKZA48889029444110' );
insert into employees (
   id,
   userid,
   employeeid,
   pan,
   bankaccount
) values ( 72,
           72,
           'EMP275402',
           'RbvQj5099h',
           'KRWH40639812188853' );
insert into employees (
   id,
   userid,
   employeeid,
   pan,
   bankaccount
) values ( 73,
           73,
           'EMP565368',
           'CuZCX5370e',
           'GMIT73537668701740' );
insert into employees (
   id,
   userid,
   employeeid,
   pan,
   bankaccount
) values ( 74,
           74,
           'EMP531885',
           'OaFhZ9627r',
           'WVGV98806867069419' );
insert into employees (
   id,
   userid,
   employeeid,
   pan,
   bankaccount
) values ( 75,
           75,
           'EMP293027',
           'nfylf9019S',
           'GYOC77087790246184' );
insert into employees (
   id,
   userid,
   employeeid,
   pan,
   bankaccount
) values ( 76,
           76,
           'EMP242484',
           'QJtNH8115u',
           'WMCC42672971568256' );
insert into employees (
   id,
   userid,
   employeeid,
   pan,
   bankaccount
) values ( 77,
           77,
           'EMP466431',
           'QjqnK2659M',
           'KGRH22517968539780' );
insert into employees (
   id,
   userid,
   employeeid,
   pan,
   bankaccount
) values ( 78,
           78,
           'EMP547080',
           'ahHYr4915a',
           'TJPK79762510075131' );
insert into employees (
   id,
   userid,
   employeeid,
   pan,
   bankaccount
) values ( 79,
           79,
           'EMP490671',
           'wfzNH4550l',
           'RPAZ65620324913248' );
insert into employees (
   id,
   userid,
   employeeid,
   pan,
   bankaccount
) values ( 80,
           80,
           'EMP330484',
           'jtVfN9236P',
           'WRMF95022384100301' );
insert into employees (
   id,
   userid,
   employeeid,
   pan,
   bankaccount
) values ( 81,
           81,
           'EMP815809',
           'HWynz7187d',
           'ASFQ84423428075533' );
insert into employees (
   id,
   userid,
   employeeid,
   pan,
   bankaccount
) values ( 82,
           82,
           'EMP15389',
           'ZZCSa7520M',
           'UAUD29446708933445' );
insert into employees (
   id,
   userid,
   employeeid,
   pan,
   bankaccount
) values ( 83,
           83,
           'EMP831442',
           'HbJQo1183r',
           'KBAD15277143287092' );
insert into employees (
   id,
   userid,
   employeeid,
   pan,
   bankaccount
) values ( 84,
           84,
           'EMP358838',
           'uVSvq8326j',
           'CYSC56193684550601' );
insert into employees (
   id,
   userid,
   employeeid,
   pan,
   bankaccount
) values ( 85,
           85,
           'EMP663094',
           'PeAKq1094T',
           'RMDL03633420015993' );
insert into employees (
   id,
   userid,
   employeeid,
   pan,
   bankaccount
) values ( 86,
           86,
           'EMP730946',
           'IZCgS5329X',
           'FKYM19115330137217' );
insert into employees (
   id,
   userid,
   employeeid,
   pan,
   bankaccount
) values ( 87,
           87,
           'EMP45035',
           'ZkoMq2989j',
           'ZQLQ72781547589281' );
insert into employees (
   id,
   userid,
   employeeid,
   pan,
   bankaccount
) values ( 88,
           88,
           'EMP729524',
           'snsCM6354P',
           'XOVR12494276866955' );
insert into employees (
   id,
   userid,
   employeeid,
   pan,
   bankaccount
) values ( 89,
           89,
           'EMP468979',
           'grThm8424U',
           'XEHU05474278066338' );
insert into employees (
   id,
   userid,
   employeeid,
   pan,
   bankaccount
) values ( 90,
           90,
           'EMP297450',
           'XRPrj5283M',
           'PZEI24692569096740' );
insert into employees (
   id,
   userid,
   employeeid,
   pan,
   bankaccount
) values ( 91,
           91,
           'EMP592316',
           'dffnj3429n',
           'VJEL75711957843722' );
insert into employees (
   id,
   userid,
   employeeid,
   pan,
   bankaccount
) values ( 92,
           92,
           'EMP220357',
           'ZcoWm8260n',
           'ZYJG03417546666673' );
insert into employees (
   id,
   userid,
   employeeid,
   pan,
   bankaccount
) values ( 93,
           93,
           'EMP195043',
           'JVWFs1238v',
           'MXZL63242604586017' );
insert into employees (
   id,
   userid,
   employeeid,
   pan,
   bankaccount
) values ( 94,
           94,
           'EMP776369',
           'AzBtx8483e',
           'XBFU33168528204988' );
insert into employees (
   id,
   userid,
   employeeid,
   pan,
   bankaccount
) values ( 95,
           95,
           'EMP287107',
           'gljSQ5016o',
           'ZFEY55071675719282' );
insert into employees (
   id,
   userid,
   employeeid,
   pan,
   bankaccount
) values ( 96,
           96,
           'EMP82263',
           'BHBij7348t',
           'JUHO30620290353075' );
insert into employees (
   id,
   userid,
   employeeid,
   pan,
   bankaccount
) values ( 97,
           97,
           'EMP711350',
           'Dqtaa3767d',
           'RYZT74306961980078' );
insert into employees (
   id,
   userid,
   employeeid,
   pan,
   bankaccount
) values ( 98,
           98,
           'EMP744458',
           'TtuyY3135p',
           'NXEB86614294799086' );
insert into employees (
   id,
   userid,
   employeeid,
   pan,
   bankaccount
) values ( 99,
           99,
           'EMP338032',
           'ABXDG6458h',
           'FFUC82296112347333' );
insert into employees (
   id,
   userid,
   employeeid,
   pan,
   bankaccount
) values ( 100,
           100,
           'EMP13962',
           'kPhYg1796e',
           'LCYS17881712545367' );
insert into medical_records (
   id,
   userid,
   recordnumber,
   diagnosis
) values ( 1,
           1,
           'MRN31709910',
           'After age former mention.' );
insert into medical_records (
   id,
   userid,
   recordnumber,
   diagnosis
) values ( 2,
           2,
           'MRN33960305',
           'Base bag skin fish.' );
insert into medical_records (
   id,
   userid,
   recordnumber,
   diagnosis
) values ( 3,
           3,
           'MRN64391742',
           'According his first writer life.' );
insert into medical_records (
   id,
   userid,
   recordnumber,
   diagnosis
) values ( 4,
           4,
           'MRN12209035',
           'Upon himself foot simple bank do per.' );
insert into medical_records (
   id,
   userid,
   recordnumber,
   diagnosis
) values ( 5,
           5,
           'MRN72271239',
           'Theory worry require though share.' );
insert into medical_records (
   id,
   userid,
   recordnumber,
   diagnosis
) values ( 6,
           6,
           'MRN874270',
           'Forward kid professor pretty where.' );
insert into medical_records (
   id,
   userid,
   recordnumber,
   diagnosis
) values ( 7,
           7,
           'MRN3562000',
           'Weight house sing worry about forward character me.' );
insert into medical_records (
   id,
   userid,
   recordnumber,
   diagnosis
) values ( 8,
           8,
           'MRN70564929',
           'Article protect everything thus prevent.' );
insert into medical_records (
   id,
   userid,
   recordnumber,
   diagnosis
) values ( 9,
           9,
           'MRN84169192',
           'Their magazine animal along.' );
insert into medical_records (
   id,
   userid,
   recordnumber,
   diagnosis
) values ( 10,
           10,
           'MRN76291891',
           'Stand sport none large kitchen probably.' );
insert into medical_records (
   id,
   userid,
   recordnumber,
   diagnosis
) values ( 11,
           11,
           'MRN60131344',
           'Treat style window use choose economic consumer.' );
insert into medical_records (
   id,
   userid,
   recordnumber,
   diagnosis
) values ( 12,
           12,
           'MRN3172239',
           'Whole many answer morning thousand under.' );
insert into medical_records (
   id,
   userid,
   recordnumber,
   diagnosis
) values ( 13,
           13,
           'MRN51901404',
           'Since service individual involve it while woman.' );
insert into medical_records (
   id,
   userid,
   recordnumber,
   diagnosis
) values ( 14,
           14,
           'MRN52520121',
           'Watch will simply she unit official.' );
insert into medical_records (
   id,
   userid,
   recordnumber,
   diagnosis
) values ( 15,
           15,
           'MRN4369685',
           'Draw shake machine might television floor image.' );
insert into medical_records (
   id,
   userid,
   recordnumber,
   diagnosis
) values ( 16,
           16,
           'MRN56732011',
           'Information operation that note sea radio perhaps group.' );
insert into medical_records (
   id,
   userid,
   recordnumber,
   diagnosis
) values ( 17,
           17,
           'MRN64413361',
           'Perhaps each clear piece left rich student admit.' );
insert into medical_records (
   id,
   userid,
   recordnumber,
   diagnosis
) values ( 18,
           18,
           'MRN61265124',
           'Remember buy but.' );
insert into medical_records (
   id,
   userid,
   recordnumber,
   diagnosis
) values ( 19,
           19,
           'MRN61219966',
           'Company someone herself attack simple serve daughter lose.' );
insert into medical_records (
   id,
   userid,
   recordnumber,
   diagnosis
) values ( 20,
           20,
           'MRN64848022',
           'Success example her open make.' );
insert into medical_records (
   id,
   userid,
   recordnumber,
   diagnosis
) values ( 21,
           21,
           'MRN35046728',
           'Game democratic style city amount bad.' );
insert into medical_records (
   id,
   userid,
   recordnumber,
   diagnosis
) values ( 22,
           22,
           'MRN22740874',
           'Ten nor often dinner family live finally.' );
insert into medical_records (
   id,
   userid,
   recordnumber,
   diagnosis
) values ( 23,
           23,
           'MRN68387701',
           'Against enough policy media follow result.' );
insert into medical_records (
   id,
   userid,
   recordnumber,
   diagnosis
) values ( 24,
           24,
           'MRN69485705',
           'Include question rather challenge.' );
insert into medical_records (
   id,
   userid,
   recordnumber,
   diagnosis
) values ( 25,
           25,
           'MRN37830117',
           'During learn price know others.' );
insert into medical_records (
   id,
   userid,
   recordnumber,
   diagnosis
) values ( 26,
           26,
           'MRN22139084',
           'Still finally federal phone democratic.' );
insert into medical_records (
   id,
   userid,
   recordnumber,
   diagnosis
) values ( 27,
           27,
           'MRN85838267',
           'The still company animal win training wish pay.' );
insert into medical_records (
   id,
   userid,
   recordnumber,
   diagnosis
) values ( 28,
           28,
           'MRN86275364',
           'Design news stock collection bill section finally PM.' );
insert into medical_records (
   id,
   userid,
   recordnumber,
   diagnosis
) values ( 29,
           29,
           'MRN39046741',
           'Fund government buy final ever Democrat.' );
insert into medical_records (
   id,
   userid,
   recordnumber,
   diagnosis
) values ( 30,
           30,
           'MRN88358424',
           'Particular history adult check final edge.' );
insert into medical_records (
   id,
   userid,
   recordnumber,
   diagnosis
) values ( 31,
           31,
           'MRN37827135',
           'Five natural us country.' );
insert into medical_records (
   id,
   userid,
   recordnumber,
   diagnosis
) values ( 32,
           32,
           'MRN13922919',
           'Physical vote notice family.' );
insert into medical_records (
   id,
   userid,
   recordnumber,
   diagnosis
) values ( 33,
           33,
           'MRN59958138',
           'Model staff method place how then.' );
insert into medical_records (
   id,
   userid,
   recordnumber,
   diagnosis
) values ( 34,
           34,
           'MRN75439277',
           'Cost Democrat activity movie high energy strategy give.' );
insert into medical_records (
   id,
   userid,
   recordnumber,
   diagnosis
) values ( 35,
           35,
           'MRN88316776',
           'Look foot crime north condition low service.' );
insert into medical_records (
   id,
   userid,
   recordnumber,
   diagnosis
) values ( 36,
           36,
           'MRN7023122',
           'Class pull left.' );
insert into medical_records (
   id,
   userid,
   recordnumber,
   diagnosis
) values ( 37,
           37,
           'MRN93688040',
           'While return marriage.' );
insert into medical_records (
   id,
   userid,
   recordnumber,
   diagnosis
) values ( 38,
           38,
           'MRN54298305',
           'Human set even beat discover house everyone.' );
insert into medical_records (
   id,
   userid,
   recordnumber,
   diagnosis
) values ( 39,
           39,
           'MRN41640531',
           'Weight child at must whatever machine hand.' );
insert into medical_records (
   id,
   userid,
   recordnumber,
   diagnosis
) values ( 40,
           40,
           'MRN50783691',
           'Child must instead huge growth community.' );
insert into medical_records (
   id,
   userid,
   recordnumber,
   diagnosis
) values ( 41,
           41,
           'MRN3061244',
           'Heavy sign camera blue no song yes article.' );
insert into medical_records (
   id,
   userid,
   recordnumber,
   diagnosis
) values ( 42,
           42,
           'MRN714653',
           'In like break mean five.' );
insert into medical_records (
   id,
   userid,
   recordnumber,
   diagnosis
) values ( 43,
           43,
           'MRN83594665',
           'Born trip American here lawyer purpose friend.' );
insert into medical_records (
   id,
   userid,
   recordnumber,
   diagnosis
) values ( 44,
           44,
           'MRN10024770',
           'Rest no worry.' );
insert into medical_records (
   id,
   userid,
   recordnumber,
   diagnosis
) values ( 45,
           45,
           'MRN79034155',
           'Box hear themselves blue oil son add again.' );
insert into medical_records (
   id,
   userid,
   recordnumber,
   diagnosis
) values ( 46,
           46,
           'MRN21888741',
           'Dinner boy street open avoid yes.' );
insert into medical_records (
   id,
   userid,
   recordnumber,
   diagnosis
) values ( 47,
           47,
           'MRN61604830',
           'During safe cultural could reduce since understand sister.' );
insert into medical_records (
   id,
   userid,
   recordnumber,
   diagnosis
) values ( 48,
           48,
           'MRN99455618',
           'Investment source kind later clearly executive.' );
insert into medical_records (
   id,
   userid,
   recordnumber,
   diagnosis
) values ( 49,
           49,
           'MRN15415256',
           'Manage picture through total away water listen learn.' );
insert into medical_records (
   id,
   userid,
   recordnumber,
   diagnosis
) values ( 50,
           50,
           'MRN90543435',
           'Recent anything check institution financial system near weight.' );
insert into medical_records (
   id,
   userid,
   recordnumber,
   diagnosis
) values ( 51,
           51,
           'MRN80489976',
           'Middle form whatever school.' );
insert into medical_records (
   id,
   userid,
   recordnumber,
   diagnosis
) values ( 52,
           52,
           'MRN52322888',
           'Center site especially through read.' );
insert into medical_records (
   id,
   userid,
   recordnumber,
   diagnosis
) values ( 53,
           53,
           'MRN74231447',
           'Several relate position simply politics music wife agreement.' );
insert into medical_records (
   id,
   userid,
   recordnumber,
   diagnosis
) values ( 54,
           54,
           'MRN6733068',
           'Possible usually century long wrong grow idea.' );
insert into medical_records (
   id,
   userid,
   recordnumber,
   diagnosis
) values ( 55,
           55,
           'MRN19668800',
           'Executive either Mrs.' );
insert into medical_records (
   id,
   userid,
   recordnumber,
   diagnosis
) values ( 56,
           56,
           'MRN17231802',
           'Position past yes send.' );
insert into medical_records (
   id,
   userid,
   recordnumber,
   diagnosis
) values ( 57,
           57,
           'MRN90940186',
           'Subject information over instead thing forward second.' );
insert into medical_records (
   id,
   userid,
   recordnumber,
   diagnosis
) values ( 58,
           58,
           'MRN73814319',
           'Past dog table heart spend.' );
insert into medical_records (
   id,
   userid,
   recordnumber,
   diagnosis
) values ( 59,
           59,
           'MRN94661148',
           'Measure plan region laugh.' );
insert into medical_records (
   id,
   userid,
   recordnumber,
   diagnosis
) values ( 60,
           60,
           'MRN71023719',
           'For direction morning.' );
insert into medical_records (
   id,
   userid,
   recordnumber,
   diagnosis
) values ( 61,
           61,
           'MRN29817609',
           'Stock this degree deal benefit.' );
insert into medical_records (
   id,
   userid,
   recordnumber,
   diagnosis
) values ( 62,
           62,
           'MRN43550062',
           'Begin career government culture law organization head.' );
insert into medical_records (
   id,
   userid,
   recordnumber,
   diagnosis
) values ( 63,
           63,
           'MRN70548695',
           'Rock six reality style up would call.' );
insert into medical_records (
   id,
   userid,
   recordnumber,
   diagnosis
) values ( 64,
           64,
           'MRN89161534',
           'Test reflect assume bank direction choose general.' );
insert into medical_records (
   id,
   userid,
   recordnumber,
   diagnosis
) values ( 65,
           65,
           'MRN74254482',
           'Force yard opportunity political person me.' );
insert into medical_records (
   id,
   userid,
   recordnumber,
   diagnosis
) values ( 66,
           66,
           'MRN78737856',
           'Sea idea that music bit be.' );
insert into medical_records (
   id,
   userid,
   recordnumber,
   diagnosis
) values ( 67,
           67,
           'MRN88692206',
           'Red reach candidate value.' );
insert into medical_records (
   id,
   userid,
   recordnumber,
   diagnosis
) values ( 68,
           68,
           'MRN66715511',
           'World someone foot throughout.' );
insert into medical_records (
   id,
   userid,
   recordnumber,
   diagnosis
) values ( 69,
           69,
           'MRN91078726',
           'Improve end president even near defense suffer.' );
insert into medical_records (
   id,
   userid,
   recordnumber,
   diagnosis
) values ( 70,
           70,
           'MRN64637629',
           'After usually policy agent draw with.' );
insert into medical_records (
   id,
   userid,
   recordnumber,
   diagnosis
) values ( 71,
           71,
           'MRN33751136',
           'Cold cost president agreement.' );
insert into medical_records (
   id,
   userid,
   recordnumber,
   diagnosis
) values ( 72,
           72,
           'MRN64705431',
           'West support she take tonight member safe.' );
insert into medical_records (
   id,
   userid,
   recordnumber,
   diagnosis
) values ( 73,
           73,
           'MRN19780358',
           'Push return gas.' );
insert into medical_records (
   id,
   userid,
   recordnumber,
   diagnosis
) values ( 74,
           74,
           'MRN11548762',
           'Matter particularly body.' );
insert into medical_records (
   id,
   userid,
   recordnumber,
   diagnosis
) values ( 75,
           75,
           'MRN61237229',
           'Truth stay at rich shoulder.' );
insert into medical_records (
   id,
   userid,
   recordnumber,
   diagnosis
) values ( 76,
           76,
           'MRN63257432',
           'News officer little whose glass.' );
insert into medical_records (
   id,
   userid,
   recordnumber,
   diagnosis
) values ( 77,
           77,
           'MRN25002352',
           'Since like letter final south else.' );
insert into medical_records (
   id,
   userid,
   recordnumber,
   diagnosis
) values ( 78,
           78,
           'MRN998500',
           'Truth painting than hotel bit.' );
insert into medical_records (
   id,
   userid,
   recordnumber,
   diagnosis
) values ( 79,
           79,
           'MRN14093996',
           'General them five very never space certain.' );
insert into medical_records (
   id,
   userid,
   recordnumber,
   diagnosis
) values ( 80,
           80,
           'MRN98858277',
           'Senior them explain so blood particularly.' );
insert into medical_records (
   id,
   userid,
   recordnumber,
   diagnosis
) values ( 81,
           81,
           'MRN50124504',
           'End peace owner party effort.' );
insert into medical_records (
   id,
   userid,
   recordnumber,
   diagnosis
) values ( 82,
           82,
           'MRN71592680',
           'Stock lay ready ago trouble speak.' );
insert into medical_records (
   id,
   userid,
   recordnumber,
   diagnosis
) values ( 83,
           83,
           'MRN35423572',
           'Someone position dog.' );
insert into medical_records (
   id,
   userid,
   recordnumber,
   diagnosis
) values ( 84,
           84,
           'MRN23321158',
           'Wrong than option professor example social sport coach.' );
insert into medical_records (
   id,
   userid,
   recordnumber,
   diagnosis
) values ( 85,
           85,
           'MRN60137233',
           'Across affect show.' );
insert into medical_records (
   id,
   userid,
   recordnumber,
   diagnosis
) values ( 86,
           86,
           'MRN1089337',
           'Bit military way.' );
insert into medical_records (
   id,
   userid,
   recordnumber,
   diagnosis
) values ( 87,
           87,
           'MRN73774181',
           'Gun whom factor attention receive.' );
insert into medical_records (
   id,
   userid,
   recordnumber,
   diagnosis
) values ( 88,
           88,
           'MRN43566037',
           'Fill foreign get someone east wall future wide.' );
insert into medical_records (
   id,
   userid,
   recordnumber,
   diagnosis
) values ( 89,
           89,
           'MRN32485944',
           'Full treat news strategy reason.' );
insert into medical_records (
   id,
   userid,
   recordnumber,
   diagnosis
) values ( 90,
           90,
           'MRN43322978',
           'Somebody growth bar house cultural argue.' );
insert into medical_records (
   id,
   userid,
   recordnumber,
   diagnosis
) values ( 91,
           91,
           'MRN66917138',
           'Fast appear red suddenly.' );
insert into medical_records (
   id,
   userid,
   recordnumber,
   diagnosis
) values ( 92,
           92,
           'MRN32742705',
           'Answer others heart so.' );
insert into medical_records (
   id,
   userid,
   recordnumber,
   diagnosis
) values ( 93,
           93,
           'MRN2449986',
           'Hundred technology probably sometimes bar manage.' );
insert into medical_records (
   id,
   userid,
   recordnumber,
   diagnosis
) values ( 94,
           94,
           'MRN96923207',
           'Agent able bank investment very yourself to.' );
insert into medical_records (
   id,
   userid,
   recordnumber,
   diagnosis
) values ( 95,
           95,
           'MRN77409179',
           'Education understand forward.' );
insert into medical_records (
   id,
   userid,
   recordnumber,
   diagnosis
) values ( 96,
           96,
           'MRN37882846',
           'Decide support level standard.' );
insert into medical_records (
   id,
   userid,
   recordnumber,
   diagnosis
) values ( 97,
           97,
           'MRN78184174',
           'By little apply dog bit financial.' );
insert into medical_records (
   id,
   userid,
   recordnumber,
   diagnosis
) values ( 98,
           98,
           'MRN10355961',
           'Our debate both or.' );
insert into medical_records (
   id,
   userid,
   recordnumber,
   diagnosis
) values ( 99,
           99,
           'MRN52343963',
           'Clear get within short better none job.' );
insert into medical_records (
   id,
   userid,
   recordnumber,
   diagnosis
) values ( 100,
           100,
           'MRN77290167',
           'Find available best expert article seat.' );
insert into insurance_policies (
   id,
   userid,
   policynumber,
   provider
) values ( 1,
           1,
           'IN2084353909',
           'Hayes and Sons' );
insert into insurance_policies (
   id,
   userid,
   policynumber,
   provider
) values ( 2,
           2,
           'IN8154677689',
           'Heath, Taylor and Henderson' );
insert into insurance_policies (
   id,
   userid,
   policynumber,
   provider
) values ( 3,
           3,
           'IN8167407263',
           'Michael, Rodriguez and Mclaughlin' );
insert into insurance_policies (
   id,
   userid,
   policynumber,
   provider
) values ( 4,
           4,
           'IN7976766511',
           'Benson, Weaver and Bishop' );
insert into insurance_policies (
   id,
   userid,
   policynumber,
   provider
) values ( 5,
           5,
           'IN5339738539',
           'Vargas-Mitchell' );
insert into insurance_policies (
   id,
   userid,
   policynumber,
   provider
) values ( 6,
           6,
           'IN1062245877',
           'Alexander and Sons' );
insert into insurance_policies (
   id,
   userid,
   policynumber,
   provider
) values ( 7,
           7,
           'IN3698063413',
           'Rose, Anderson and Roberts' );
insert into insurance_policies (
   id,
   userid,
   policynumber,
   provider
) values ( 8,
           8,
           'IN9510994864',
           'Cruz, Perez and Singh' );
insert into insurance_policies (
   id,
   userid,
   policynumber,
   provider
) values ( 9,
           9,
           'IN3801563898',
           'Conley, Williams and Sanders' );
insert into insurance_policies (
   id,
   userid,
   policynumber,
   provider
) values ( 10,
           10,
           'IN2558807054',
           'Holland Ltd' );
insert into insurance_policies (
   id,
   userid,
   policynumber,
   provider
) values ( 11,
           11,
           'IN8356974245',
           'Foster Group' );
insert into insurance_policies (
   id,
   userid,
   policynumber,
   provider
) values ( 12,
           12,
           'IN8725793954',
           'Ferguson, Freeman and Lewis' );
insert into insurance_policies (
   id,
   userid,
   policynumber,
   provider
) values ( 13,
           13,
           'IN7873441498',
           'Edwards Inc' );
insert into insurance_policies (
   id,
   userid,
   policynumber,
   provider
) values ( 14,
           14,
           'IN8021204209',
           'Gibson Group' );
insert into insurance_policies (
   id,
   userid,
   policynumber,
   provider
) values ( 15,
           15,
           'IN9289817175',
           'Greene Inc' );
insert into insurance_policies (
   id,
   userid,
   policynumber,
   provider
) values ( 16,
           16,
           'IN1231437450',
           'Dixon-Brown' );
insert into insurance_policies (
   id,
   userid,
   policynumber,
   provider
) values ( 17,
           17,
           'IN7499578212',
           'Hall PLC' );
insert into insurance_policies (
   id,
   userid,
   policynumber,
   provider
) values ( 18,
           18,
           'IN2820500092',
           'Chavez, Oliver and Garrett' );
insert into insurance_policies (
   id,
   userid,
   policynumber,
   provider
) values ( 19,
           19,
           'IN1131488521',
           'Hunter PLC' );
insert into insurance_policies (
   id,
   userid,
   policynumber,
   provider
) values ( 20,
           20,
           'IN3166407105',
           'Davis, Mitchell and Smith' );
insert into insurance_policies (
   id,
   userid,
   policynumber,
   provider
) values ( 21,
           21,
           'IN9505625530',
           'Arellano, Riley and Robertson' );
insert into insurance_policies (
   id,
   userid,
   policynumber,
   provider
) values ( 22,
           22,
           'IN9200490974',
           'Price PLC' );
insert into insurance_policies (
   id,
   userid,
   policynumber,
   provider
) values ( 23,
           23,
           'IN2670468159',
           'Hayes-Anderson' );
insert into insurance_policies (
   id,
   userid,
   policynumber,
   provider
) values ( 24,
           24,
           'IN2707121755',
           'Anderson and Sons' );
insert into insurance_policies (
   id,
   userid,
   policynumber,
   provider
) values ( 25,
           25,
           'IN9998325332',
           'Lane-Peterson' );
insert into insurance_policies (
   id,
   userid,
   policynumber,
   provider
) values ( 26,
           26,
           'IN2328480804',
           'Grant, Cooley and Valentine' );
insert into insurance_policies (
   id,
   userid,
   policynumber,
   provider
) values ( 27,
           27,
           'IN8237785326',
           'Stewart-Gaines' );
insert into insurance_policies (
   id,
   userid,
   policynumber,
   provider
) values ( 28,
           28,
           'IN3124592005',
           'Weaver-Jarvis' );
insert into insurance_policies (
   id,
   userid,
   policynumber,
   provider
) values ( 29,
           29,
           'IN2794077846',
           'Madden, Ritter and Martinez' );
insert into insurance_policies (
   id,
   userid,
   policynumber,
   provider
) values ( 30,
           30,
           'IN4048192328',
           'Dodson-Hopkins' );
insert into insurance_policies (
   id,
   userid,
   policynumber,
   provider
) values ( 31,
           31,
           'IN5365712988',
           'Butler, Lane and Fuller' );
insert into insurance_policies (
   id,
   userid,
   policynumber,
   provider
) values ( 32,
           32,
           'IN4182697392',
           'Lee, Garza and Bowman' );
insert into insurance_policies (
   id,
   userid,
   policynumber,
   provider
) values ( 33,
           33,
           'IN7327241543',
           'Wilson, Hale and Cross' );
insert into insurance_policies (
   id,
   userid,
   policynumber,
   provider
) values ( 34,
           34,
           'IN7354900953',
           'Wyatt Inc' );
insert into insurance_policies (
   id,
   userid,
   policynumber,
   provider
) values ( 35,
           35,
           'IN8948856601',
           'Martin-Mclaughlin' );
insert into insurance_policies (
   id,
   userid,
   policynumber,
   provider
) values ( 36,
           36,
           'IN3806725576',
           'Reilly, Duarte and Gibson' );
insert into insurance_policies (
   id,
   userid,
   policynumber,
   provider
) values ( 37,
           37,
           'IN9707508283',
           'Sanchez-Parker' );
insert into insurance_policies (
   id,
   userid,
   policynumber,
   provider
) values ( 38,
           38,
           'IN2350849119',
           'Conner-Ross' );
insert into insurance_policies (
   id,
   userid,
   policynumber,
   provider
) values ( 39,
           39,
           'IN2514524095',
           'Richard Inc' );
insert into insurance_policies (
   id,
   userid,
   policynumber,
   provider
) values ( 40,
           40,
           'IN3013298870',
           'Moss Inc' );
insert into insurance_policies (
   id,
   userid,
   policynumber,
   provider
) values ( 41,
           41,
           'IN2754291403',
           'Obrien-Davis' );
insert into insurance_policies (
   id,
   userid,
   policynumber,
   provider
) values ( 42,
           42,
           'IN4364779720',
           'Hill, Richmond and Ellis' );
insert into insurance_policies (
   id,
   userid,
   policynumber,
   provider
) values ( 43,
           43,
           'IN4025671413',
           'Matthews, Thomas and Colon' );
insert into insurance_policies (
   id,
   userid,
   policynumber,
   provider
) values ( 44,
           44,
           'IN3687730190',
           'Murray-Olson' );
insert into insurance_policies (
   id,
   userid,
   policynumber,
   provider
) values ( 45,
           45,
           'IN7418479524',
           'Strickland-Newman' );
insert into insurance_policies (
   id,
   userid,
   policynumber,
   provider
) values ( 46,
           46,
           'IN5000416699',
           'Nguyen, Santiago and Taylor' );
insert into insurance_policies (
   id,
   userid,
   policynumber,
   provider
) values ( 47,
           47,
           'IN9424607060',
           'Henderson Inc' );
insert into insurance_policies (
   id,
   userid,
   policynumber,
   provider
) values ( 48,
           48,
           'IN8070500744',
           'Collins-Parker' );
insert into insurance_policies (
   id,
   userid,
   policynumber,
   provider
) values ( 49,
           49,
           'IN6348591143',
           'Chavez, Berry and Douglas' );
insert into insurance_policies (
   id,
   userid,
   policynumber,
   provider
) values ( 50,
           50,
           'IN3041218391',
           'Moore-Knight' );
insert into insurance_policies (
   id,
   userid,
   policynumber,
   provider
) values ( 51,
           51,
           'IN3966707826',
           'Wong Group' );
insert into insurance_policies (
   id,
   userid,
   policynumber,
   provider
) values ( 52,
           52,
           'IN1903154947',
           'Aguilar LLC' );
insert into insurance_policies (
   id,
   userid,
   policynumber,
   provider
) values ( 53,
           53,
           'IN5336458290',
           'Salinas Inc' );
insert into insurance_policies (
   id,
   userid,
   policynumber,
   provider
) values ( 54,
           54,
           'IN9703779572',
           'Hartman, Lee and Anderson' );
insert into insurance_policies (
   id,
   userid,
   policynumber,
   provider
) values ( 55,
           55,
           'IN3496233055',
           'Patrick, Cooper and Flores' );
insert into insurance_policies (
   id,
   userid,
   policynumber,
   provider
) values ( 56,
           56,
           'IN8122078099',
           'Lee-Smith' );
insert into insurance_policies (
   id,
   userid,
   policynumber,
   provider
) values ( 57,
           57,
           'IN4335073111',
           'Bauer-Henry' );
insert into insurance_policies (
   id,
   userid,
   policynumber,
   provider
) values ( 58,
           58,
           'IN8931450502',
           'Savage, Rhodes and Lee' );
insert into insurance_policies (
   id,
   userid,
   policynumber,
   provider
) values ( 59,
           59,
           'IN6152780522',
           'Rodgers Ltd' );
insert into insurance_policies (
   id,
   userid,
   policynumber,
   provider
) values ( 60,
           60,
           'IN6464391176',
           'Taylor, Wiggins and Bond' );
insert into insurance_policies (
   id,
   userid,
   policynumber,
   provider
) values ( 61,
           61,
           'IN7851694618',
           'Banks-Brown' );
insert into insurance_policies (
   id,
   userid,
   policynumber,
   provider
) values ( 62,
           62,
           'IN3242169439',
           'Terry, Foster and Estrada' );
insert into insurance_policies (
   id,
   userid,
   policynumber,
   provider
) values ( 63,
           63,
           'IN8556744921',
           'Guerra-Winters' );
insert into insurance_policies (
   id,
   userid,
   policynumber,
   provider
) values ( 64,
           64,
           'IN3021843804',
           'Phillips, Harmon and Roberts' );
insert into insurance_policies (
   id,
   userid,
   policynumber,
   provider
) values ( 65,
           65,
           'IN2377880046',
           'Lee-Kaiser' );
insert into insurance_policies (
   id,
   userid,
   policynumber,
   provider
) values ( 66,
           66,
           'IN1276252475',
           'Peterson LLC' );
insert into insurance_policies (
   id,
   userid,
   policynumber,
   provider
) values ( 67,
           67,
           'IN6788717805',
           'Henderson, Castaneda and Burns' );
insert into insurance_policies (
   id,
   userid,
   policynumber,
   provider
) values ( 68,
           68,
           'IN9706045173',
           'Brown LLC' );
insert into insurance_policies (
   id,
   userid,
   policynumber,
   provider
) values ( 69,
           69,
           'IN2545255881',
           'Young PLC' );
insert into insurance_policies (
   id,
   userid,
   policynumber,
   provider
) values ( 70,
           70,
           'IN7638092083',
           'Case and Sons' );
insert into insurance_policies (
   id,
   userid,
   policynumber,
   provider
) values ( 71,
           71,
           'IN8452673715',
           'Lutz, Shaw and Ford' );
insert into insurance_policies (
   id,
   userid,
   policynumber,
   provider
) values ( 72,
           72,
           'IN1889464345',
           'Wheeler Group' );
insert into insurance_policies (
   id,
   userid,
   policynumber,
   provider
) values ( 73,
           73,
           'IN8733853482',
           'Griffin-Stewart' );
insert into insurance_policies (
   id,
   userid,
   policynumber,
   provider
) values ( 74,
           74,
           'IN2003118142',
           'Proctor Group' );
insert into insurance_policies (
   id,
   userid,
   policynumber,
   provider
) values ( 75,
           75,
           'IN6708685877',
           'Wilson Group' );
insert into insurance_policies (
   id,
   userid,
   policynumber,
   provider
) values ( 76,
           76,
           'IN6708132104',
           'Moses Group' );
insert into insurance_policies (
   id,
   userid,
   policynumber,
   provider
) values ( 77,
           77,
           'IN9831563345',
           'Austin-Moore' );
insert into insurance_policies (
   id,
   userid,
   policynumber,
   provider
) values ( 78,
           78,
           'IN2379948257',
           'Mccormick-Salazar' );
insert into insurance_policies (
   id,
   userid,
   policynumber,
   provider
) values ( 79,
           79,
           'IN1815236263',
           'Miller, Tran and Preston' );
insert into insurance_policies (
   id,
   userid,
   policynumber,
   provider
) values ( 80,
           80,
           'IN2642170810',
           'Oliver-Brennan' );
insert into insurance_policies (
   id,
   userid,
   policynumber,
   provider
) values ( 81,
           81,
           'IN6134632711',
           'Taylor PLC' );
insert into insurance_policies (
   id,
   userid,
   policynumber,
   provider
) values ( 82,
           82,
           'IN9994874512',
           'Jones LLC' );
insert into insurance_policies (
   id,
   userid,
   policynumber,
   provider
) values ( 83,
           83,
           'IN6417613864',
           'Smith-Palmer' );
insert into insurance_policies (
   id,
   userid,
   policynumber,
   provider
) values ( 84,
           84,
           'IN3000045163',
           'Bates, Singleton and Dawson' );
insert into insurance_policies (
   id,
   userid,
   policynumber,
   provider
) values ( 85,
           85,
           'IN6285101598',
           'Reid, Vance and Solomon' );
insert into insurance_policies (
   id,
   userid,
   policynumber,
   provider
) values ( 86,
           86,
           'IN9449744295',
           'Simmons-Garcia' );
insert into insurance_policies (
   id,
   userid,
   policynumber,
   provider
) values ( 87,
           87,
           'IN3493776008',
           'Cook-Jensen' );
insert into insurance_policies (
   id,
   userid,
   policynumber,
   provider
) values ( 88,
           88,
           'IN7298812059',
           'Neal-Hernandez' );
insert into insurance_policies (
   id,
   userid,
   policynumber,
   provider
) values ( 89,
           89,
           'IN6821011573',
           'Carter-Johnson' );
insert into insurance_policies (
   id,
   userid,
   policynumber,
   provider
) values ( 90,
           90,
           'IN3513837249',
           'Camacho-Wilson' );
insert into insurance_policies (
   id,
   userid,
   policynumber,
   provider
) values ( 91,
           91,
           'IN6477609423',
           'Hill, Estrada and Gomez' );
insert into insurance_policies (
   id,
   userid,
   policynumber,
   provider
) values ( 92,
           92,
           'IN2396402222',
           'Smith, Ferguson and Cooper' );
insert into insurance_policies (
   id,
   userid,
   policynumber,
   provider
) values ( 93,
           93,
           'IN3250355758',
           'Walters-Rodriguez' );
insert into insurance_policies (
   id,
   userid,
   policynumber,
   provider
) values ( 94,
           94,
           'IN7908244970',
           'Jackson Ltd' );
insert into insurance_policies (
   id,
   userid,
   policynumber,
   provider
) values ( 95,
           95,
           'IN9325113754',
           'Maxwell Inc' );
insert into insurance_policies (
   id,
   userid,
   policynumber,
   provider
) values ( 96,
           96,
           'IN4840287202',
           'Nelson-Roberts' );
insert into insurance_policies (
   id,
   userid,
   policynumber,
   provider
) values ( 97,
           97,
           'IN5594795977',
           'Myers, Griffin and Miller' );
insert into insurance_policies (
   id,
   userid,
   policynumber,
   provider
) values ( 98,
           98,
           'IN3303448145',
           'Bailey LLC' );
insert into insurance_policies (
   id,
   userid,
   policynumber,
   provider
) values ( 99,
           99,
           'IN4673038531',
           'Ramsey, Nichols and Bates' );
insert into insurance_policies (
   id,
   userid,
   policynumber,
   provider
) values ( 100,
           100,
           'IN9064363911',
           'Wright, Adams and Long' );